,,,,"HH-7 Households By Religion, sex of the head of household and household size (Census 2011)",,,,,,,,,,,,,,,,
Table,State,Area Name,Total/,House-,Total households with,,Religion of the head of households,,,,,,,,,,,,,
name,code,,Rural/Urban,hold size,Male head,Female head,Hindu,,Muslim,,Christian,,Sikh,,Buddhist,,Jain,,Others,
,,,,,,,Male head,Female head,Male head,Female head,Male head,Female head,Male head,Female head,Male head,Female head,Male head,Female head,Male head,Female head
,,,,1,2,3,4,5,6,7,8,9,10,11,12,13,14,15,16,17
,,,,,,,,,,,,,,,,,,,,
HH07,00,INDIA (00),Total,Total,216075643,32782638,176212046,26208333,27058640,4170930,5221661,1096692,3542371,588975,1569843,295733,830957,107765,1352205,255179
HH07,00,INDIA (00),Total,1,4368569,5936636,3721675,5046497,362275,524663,123872,183996,55237,45325,36149,57038,13793,19504,29405,43726
HH07,00,INDIA (00),Total,2,19194500,4989714,16348247,4111491,1729540,504110,548617,197357,200377,65075,151524,47581,72691,15380,113375,39439
HH07,00,INDIA (00),Total,3-6,151206392,17385760,124882685,13777617,16982934,2234755,3855916,614147,2599137,377451,1178905,162716,619545,57394,903620,135415
HH07,00,INDIA (00),Total,7-10,35477795,3647957,26895908,2684827,6728774,710141,639709,90980,602359,85957,184779,25138,105232,12430,279464,32234
HH07,00,INDIA (00),Total,11+,5828387,822571,4363531,587901,1255117,197261,53547,10212,85261,15167,18486,3260,19696,3057,26341,4365
HH07,00,INDIA (00),Total,Mean household size,5.0,3.9,4.9,3.8,5.6,4.7,4.5,3.6,5.1,4.6,4.6,3.6,4.8,4.1,5.1,4.0
HH07,00,INDIA (00),Rural,Total,146732133,21539501,122220478,17757061,16503770,2344536,3030508,586760,2488771,405675,917027,162024,169005,23947,1223681,222764
HH07,00,INDIA (00),Rural,1,2743146,4435114,2373208,3839201,197075,365691,67520,100479,37387,30261,22290,42497,4139,7148,24390,38594
HH07,00,INDIA (00),Rural,2,13275119,3272754,11466900,2748975,1130721,308696,305499,100776,130408,42219,102874,28026,18337,3964,100951,34130
HH07,00,INDIA (00),Rural,3-6,99778331,11002255,83976080,8980034,10164374,1216103,2137418,323647,1788940,259425,669462,79753,119112,10542,812897,117555
HH07,00,INDIA (00),Rural,7-10,26584152,2311220,20945912,1785606,4269170,362784,480107,55720,464922,62506,111961,10523,23155,1866,260879,28661
HH07,00,INDIA (00),Rural,11+,4351385,518158,3458378,403245,742430,91262,39964,6138,67114,11264,10440,1225,4262,427,24564,3824
HH07,00,INDIA (00),Rural,Mean household size,5.1,3.8,5.0,3.8,5.6,4.4,4.7,3.7,5.3,4.7,4.6,3.2,4.8,3.3,5.1,4.0
HH07,00,INDIA (00),Urban,Total,69343510,11243137,53991568,8451272,10554870,1826394,2191153,509932,1053600,183300,652816,133709,661952,83818,128524,32415
HH07,00,INDIA (00),Urban,1,1625423,1501522,1348467,1207296,165200,158972,56352,83517,17850,15064,13859,14541,9654,12356,5015,5132
HH07,00,INDIA (00),Urban,2,5919381,1716960,4881347,1362516,598819,195414,243118,96581,69969,22856,48650,19555,54354,11416,12424,5309
HH07,00,INDIA (00),Urban,3-6,51428061,6383505,40906605,4797583,6818560,1018652,1718498,290500,810197,118026,509443,82963,500433,46852,90723,17860
HH07,00,INDIA (00),Urban,7-10,8893643,1336737,5949996,899221,2459604,347357,159602,35260,137437,23451,72818,14615,82077,10564,18585,3573
HH07,00,INDIA (00),Urban,11+,1477002,304413,905153,184656,512687,105999,13583,4074,18147,3903,8046,2035,15434,2630,1777,541
HH07,00,INDIA (00),Urban,Mean household size,4.7,4.1,4.6,4.0,5.6,5.1,4.2,3.5,4.8,4.4,4.6,4.1,4.8,4.3,4.6,3.9
HH07,01,State - JAMMU & KASHMIR (01),Total,Total,1903952,203645,582346,93815,1260710,96492,4870,835,37458,7684,16791,4527,337,83,285,21
HH07,01,State - JAMMU & KASHMIR (01),Total,1,24177,14207,12095,7973,10189,4995,215,47,537,435,1063,720,4,8,8,4
HH07,01,State - JAMMU & KASHMIR (01),Total,2,78513,22371,32718,11838,42506,8899,245,80,1974,892,954,623,22,10,26,3
HH07,01,State - JAMMU & KASHMIR (01),Total,3-6,1143536,120753,439451,61276,659904,50617,3137,522,29823,5554,10076,2630,232,43,195,12
HH07,01,State - JAMMU & KASHMIR (01),Total,7-10,577332,37855,87284,10708,480116,25767,1109,160,4517,685,3931,486,67,19,52,2
HH07,01,State - JAMMU & KASHMIR (01),Total,11+,80394,8459,10798,2020,67995,6214,164,26,607,118,767,68,12,3,4,0
HH07,01,State - JAMMU & KASHMIR (01),Total,Mean household size,5.9,4.9,5.0,4.3,6.3,5.6,5.4,5.0,4.8,4.1,5.4,3.9,5.3,5.2,4.9,3.5
HH07,01,State - JAMMU & KASHMIR (01),Rural,Total,1405342,142959,422817,64868,947687,70154,2212,259,18804,4269,12661,3244,35,7,239,17
HH07,01,State - JAMMU & KASHMIR (01),Rural,1,17719,10767,8554,5936,7901,3953,138,22,302,251,771,578,1,1,5,4
HH07,01,State - JAMMU & KASHMIR (01),Rural,2,61944,16943,23385,8721,36515,7203,125,34,1158,508,680,453,1,1,23,3
HH07,01,State - JAMMU & KASHMIR (01),Rural,3-6,830641,84467,314737,42111,491891,37161,1262,149,14910,3185,7108,1776,19,4,159,9
HH07,01,State - JAMMU & KASHMIR (01),Rural,7-10,436453,25148,68155,6862,361848,17558,614,45,2180,283,3397,378,14,1,50,1
HH07,01,State - JAMMU & KASHMIR (01),Rural,11+,58585,5634,7986,1238,49532,4279,73,9,254,42,705,59,0,0,2,0
HH07,01,State - JAMMU & KASHMIR (01),Rural,Mean household size,5.9,4.8,5.1,4.1,6.3,5.4,5.6,4.7,4.8,3.8,5.7,3.9,5.8,3.9,5.0,3.1
HH07,01,State - JAMMU & KASHMIR (01),Urban,Total,498610,60686,159529,28947,313023,26338,2658,576,18654,3415,4130,1283,302,76,46,4
HH07,01,State - JAMMU & KASHMIR (01),Urban,1,6458,3440,3541,2037,2288,1042,77,25,235,184,292,142,3,7,3,0
HH07,01,State - JAMMU & KASHMIR (01),Urban,2,16569,5428,9333,3117,5991,1696,120,46,816,384,274,170,21,9,3,0
HH07,01,State - JAMMU & KASHMIR (01),Urban,3-6,312895,36286,124714,19165,168013,13456,1875,373,14913,2369,2968,854,213,39,36,3
HH07,01,State - JAMMU & KASHMIR (01),Urban,7-10,140879,12707,19129,3846,118268,8209,495,115,2337,402,534,108,53,18,2,1
HH07,01,State - JAMMU & KASHMIR (01),Urban,11+,21809,2825,2812,782,18463,1935,91,17,353,76,62,9,12,3,2,0
HH07,01,State - JAMMU & KASHMIR (01),Urban,Mean household size,5.8,5.2,4.8,4.6,6.4,6.0,5.3,5.1,4.9,4.5,4.6,3.8,5.2,5.3,4.4,5.3
HH07,02,State - HIMACHAL PRADESH (02),Total,Total,1174826,305317,1120117,294140,24527,3513,2412,551,13630,2874,13117,4027,312,46,117,22
HH07,02,State - HIMACHAL PRADESH (02),Total,1,45649,40149,42523,38304,836,319,222,145,532,276,1450,1057,11,5,14,5
HH07,02,State - HIMACHAL PRADESH (02),Total,2,98723,36901,94274,35318,1505,303,317,83,997,330,1517,849,27,6,19,3
HH07,02,State - HIMACHAL PRADESH (02),Total,3-6,846001,192515,809570,186304,15899,2070,1659,276,9996,1895,8200,1850,222,26,68,14
HH07,02,State - HIMACHAL PRADESH (02),Total,7-10,164614,31753,155151,30401,5479,704,196,44,1844,328,1813,255,43,7,15,0
HH07,02,State - HIMACHAL PRADESH (02),Total,11+,19839,3999,18599,3813,808,117,18,3,261,45,137,16,9,2,1,0
HH07,02,State - HIMACHAL PRADESH (02),Total,Mean household size,4.7,4.0,4.7,4.0,5.4,4.9,4.0,3.4,4.8,4.3,4.3,3.1,4.8,4.5,4.3,3.3
HH07,02,State - HIMACHAL PRADESH (02),Rural,Total,1033582,276812,991107,268254,20318,3040,1479,304,9705,2150,10245,2897,89,14,102,18
HH07,02,State - HIMACHAL PRADESH (02),Rural,1,32877,36115,30931,34789,536,275,99,47,357,193,885,771,6,2,13,4
HH07,02,State - HIMACHAL PRADESH (02),Rural,2,82169,31970,79103,30849,1102,240,185,49,607,237,1097,582,8,1,13,3
HH07,02,State - HIMACHAL PRADESH (02),Rural,3-6,745072,175532,716924,170713,13028,1786,1017,176,7113,1432,6504,1329,66,10,62,11
HH07,02,State - HIMACHAL PRADESH (02),Rural,7-10,154764,29509,146514,28372,4925,637,165,31,1428,252,1641,202,8,1,14,0
HH07,02,State - HIMACHAL PRADESH (02),Rural,11+,18700,3686,17635,3531,727,102,13,1,200,36,118,13,1,0,0,0
HH07,02,State - HIMACHAL PRADESH (02),Rural,Mean household size,4.8,4.1,4.8,4.1,5.5,5.0,4.3,3.8,4.9,4.3,4.5,3.2,4.2,3.5,4.3,3.4
HH07,02,State - HIMACHAL PRADESH (02),Urban,Total,141244,28505,129010,25886,4209,473,933,247,3925,724,2872,1130,223,32,15,4
HH07,02,State - HIMACHAL PRADESH (02),Urban,1,12772,4034,11592,3515,300,44,123,98,175,83,565,286,5,3,1,1
HH07,02,State - HIMACHAL PRADESH (02),Urban,2,16554,4931,15171,4469,403,63,132,34,390,93,420,267,19,5,6,0
HH07,02,State - HIMACHAL PRADESH (02),Urban,3-6,100929,16983,92646,15591,2871,284,642,100,2883,463,1696,521,156,16,6,3
HH07,02,State - HIMACHAL PRADESH (02),Urban,7-10,9850,2244,8637,2029,554,67,31,13,416,76,172,53,35,6,1,0
HH07,02,State - HIMACHAL PRADESH (02),Urban,11+,1139,313,964,282,81,15,5,2,61,9,19,3,8,2,1,0
HH07,02,State - HIMACHAL PRADESH (02),Urban,Mean household size,4.0,3.7,3.9,3.7,4.6,4.6,3.6,2.9,4.5,4.1,3.5,3.0,5.0,4.9,4.2,2.8
HH07,03,State - PUNJAB (03),Total,Total,4700674,796030,1847272,310873,88501,11156,57293,9183,2687962,460932,5449,1243,7437,1325,1869,303
HH07,03,State - PUNJAB (03),Total,1,97302,56852,54946,22563,2691,768,859,600,38300,32622,149,61,76,76,49,27
HH07,03,State - PUNJAB (03),Total,2,263100,82788,114126,31952,4890,1021,2761,925,140222,48519,307,120,363,112,115,35
HH07,03,State - PUNJAB (03),Total,3-6,3463757,517742,1376752,204304,58989,6790,41633,5744,1971806,298365,4083,907,5617,853,1379,190
HH07,03,State - PUNJAB (03),Total,7-10,772762,118315,268127,44528,18976,2113,10667,1640,471939,69457,832,139,1173,231,299,47
HH07,03,State - PUNJAB (03),Total,11+,103753,20333,33321,7526,2955,464,1373,274,65695,11969,78,16,208,53,27,4
HH07,03,State - PUNJAB (03),Total,Mean household size,5.1,4.6,4.9,4.6,5.4,5.0,5.3,4.9,5.2,4.7,5.0,4.4,5.1,5.1,5.0,4.5
HH07,03,State - PUNJAB (03),Rural,Total,2851383,499026,719185,135828,44490,6134,39047,5962,2040091,349275,3809,944,760,137,1154,178
HH07,03,State - PUNJAB (03),Rural,1,48721,35746,17787,10445,945,428,494,355,29225,24375,95,43,13,6,26,18
HH07,03,State - PUNJAB (03),Rural,2,145632,49950,39896,13265,2058,570,1637,531,101575,35402,202,91,36,13,65,21
HH07,03,State - PUNJAB (03),Rural,3-6,2058959,324013,524149,90471,29736,3702,27688,3678,1471145,224931,2838,706,553,85,841,108
HH07,03,State - PUNJAB (03),Rural,7-10,525203,76168,122163,18697,10081,1180,8176,1208,383352,54848,621,93,137,28,206,30
HH07,03,State - PUNJAB (03),Rural,11+,72868,13149,15190,2950,1670,254,1052,190,54794,9719,53,11,21,5,16,1
HH07,03,State - PUNJAB (03),Rural,Mean household size,5.2,4.7,5.1,4.5,5.5,5.1,5.5,5.1,5.3,4.7,5.0,4.4,5.2,5.1,5.1,4.4
HH07,03,State - PUNJAB (03),Urban,Total,1849291,297004,1128087,175045,44011,5022,18246,3221,647871,111657,1640,299,6677,1188,715,125
HH07,03,State - PUNJAB (03),Urban,1,48581,21106,37159,12118,1746,340,365,245,9075,8247,54,18,63,70,23,9
HH07,03,State - PUNJAB (03),Urban,2,117468,32838,74230,18687,2832,451,1124,394,38647,13117,105,29,327,99,50,14
HH07,03,State - PUNJAB (03),Urban,3-6,1404798,193729,852603,113833,29253,3088,13945,2066,500661,73434,1245,201,5064,768,538,82
HH07,03,State - PUNJAB (03),Urban,7-10,247559,42147,145964,25831,8895,933,2491,432,88587,14609,211,46,1036,203,93,17
HH07,03,State - PUNJAB (03),Urban,11+,30885,7184,18131,4576,1285,210,321,84,10901,2250,25,5,187,48,11,3
HH07,03,State - PUNJAB (03),Urban,Mean household size,4.8,4.6,4.8,4.7,5.2,5.0,4.9,4.5,4.9,4.5,4.8,4.7,5.1,5.1,4.7,4.6
HH07,04,Union Territory - CHANDIGARH (04),Total,Total,216508,24016,177289,17915,9751,727,1728,337,27056,4909,203,64,389,48,48,7
HH07,04,Union Territory - CHANDIGARH (04),Total,1,13398,2435,11736,1663,596,40,84,66,932,646,21,8,13,7,7,2
HH07,04,Union Territory - CHANDIGARH (04),Total,2,21741,3416,17847,2445,777,69,150,64,2884,815,34,16,36,6,7,0
HH07,04,Union Territory - CHANDIGARH (04),Total,3-6,158093,14921,129375,11278,6445,447,1372,186,20419,2931,136,38,293,32,28,5
HH07,04,Union Territory - CHANDIGARH (04),Total,7-10,21025,2709,16650,2106,1715,137,113,16,2487,444,12,2,40,3,4,0
HH07,04,Union Territory - CHANDIGARH (04),Total,11+,2251,535,1681,423,218,34,9,5,334,73,0,0,7,0,2,0
HH07,04,Union Territory - CHANDIGARH (04),Total,Mean household size,4.3,4.2,4.3,4.3,4.9,5.1,4.1,3.7,4.4,3.9,3.5,3.1,4.5,3.8,4.3,3.9
HH07,04,Union Territory - CHANDIGARH (04),Rural,Total,6733,405,5646,281,279,13,35,4,768,106,1,1,3,0,1,0
HH07,04,Union Territory - CHANDIGARH (04),Rural,1,664,32,605,20,23,0,2,1,34,11,0,0,0,0,0,0
HH07,04,Union Territory - CHANDIGARH (04),Rural,2,964,49,865,39,33,1,6,1,58,7,1,1,1,0,0,0
HH07,04,Union Territory - CHANDIGARH (04),Rural,3-6,4454,245,3734,178,175,6,25,2,519,59,0,0,1,0,0,0
HH07,04,Union Territory - CHANDIGARH (04),Rural,7-10,577,57,406,34,45,4,2,0,123,19,0,0,1,0,0,0
HH07,04,Union Territory - CHANDIGARH (04),Rural,11+,74,22,36,10,3,2,0,0,34,10,0,0,0,0,1,0
HH07,04,Union Territory - CHANDIGARH (04),Rural,Mean household size,4.0,4.8,3.8,4.5,4.5,6.8,4.0,3.0,5.1,5.3,2.0,2.0,4.0,0.0,14.0,0.0
HH07,04,Union Territory - CHANDIGARH (04),Urban,Total,209775,23611,171643,17634,9472,714,1693,333,26288,4803,202,63,386,48,47,7
HH07,04,Union Territory - CHANDIGARH (04),Urban,1,12734,2403,11131,1643,573,40,82,65,898,635,21,8,13,7,7,2
HH07,04,Union Territory - CHANDIGARH (04),Urban,2,20777,3367,16982,2406,744,68,144,63,2826,808,33,15,35,6,7,0
HH07,04,Union Territory - CHANDIGARH (04),Urban,3-6,153639,14676,125641,11100,6270,441,1347,184,19900,2872,136,38,292,32,28,5
HH07,04,Union Territory - CHANDIGARH (04),Urban,7-10,20448,2652,16244,2072,1670,133,111,16,2364,425,12,2,39,3,4,0
HH07,04,Union Territory - CHANDIGARH (04),Urban,11+,2177,513,1645,413,215,32,9,5,300,63,0,0,7,0,1,0
HH07,04,Union Territory - CHANDIGARH (04),Urban,Mean household size,4.3,4.2,4.3,4.3,4.9,5.1,4.1,3.7,4.3,3.9,3.5,3.1,4.5,3.8,4.0,3.9
HH07,05,State - UTTARAKHAND (05),Total,Total,1656714,392668,1395576,361248,208034,22333,6975,1692,41111,6191,1780,603,1771,245,173,27
HH07,05,State - UTTARAKHAND (05),Total,1,67829,56417,62197,53628,3692,1639,684,375,833,558,240,115,34,31,13,5
HH07,05,State - UTTARAKHAND (05),Total,2,126347,49002,112871,45990,9366,1814,683,280,2883,727,211,101,195,38,16,8
HH07,05,State - UTTARAKHAND (05),Total,3-6,1108333,237330,957566,220683,112922,11355,4699,842,29798,3792,1094,335,1355,150,108,10
HH07,05,State - UTTARAKHAND (05),Total,7-10,312808,42462,234359,35348,70218,5938,820,164,6792,894,208,48,161,22,35,4
HH07,05,State - UTTARAKHAND (05),Total,11+,41397,7457,28583,5599,11836,1587,89,31,805,220,27,4,26,4,1,0
HH07,05,State - UTTARAKHAND (05),Total,Mean household size,5.1,4.0,4.9,3.9,6.1,5.6,4.3,3.7,5.0,4.6,4.4,3.5,4.4,4.0,4.7,3.3
HH07,05,State - UTTARAKHAND (05),Rural,Total,1125991,295784,973323,278572,116070,11391,3055,641,31257,4460,1133,424,168,37,124,13
HH07,05,State - UTTARAKHAND (05),Rural,1,44272,47876,41158,46146,1955,1051,307,157,585,384,160,78,10,7,7,2
HH07,05,State - UTTARAKHAND (05),Rural,2,86212,37124,78251,35431,5339,979,277,97,2105,501,136,72,14,7,9,4
HH07,05,State - UTTARAKHAND (05),Rural,3-6,735251,175724,649330,166695,60082,5620,1990,294,22443,2718,694,246,125,21,78,5
HH07,05,State - UTTARAKHAND (05),Rural,7-10,230300,30063,182415,26284,41623,2962,428,80,5496,679,133,27,18,2,29,2
HH07,05,State - UTTARAKHAND (05),Rural,11+,29956,4997,22169,4016,7071,779,53,13,628,178,10,1,1,0,1,0
HH07,05,State - UTTARAKHAND (05),Rural,Mean household size,5.2,3.9,5.1,3.9,6.2,5.5,4.5,3.7,5.1,4.7,4.2,3.4,4.2,3.3,4.9,3.4
HH07,05,State - UTTARAKHAND (05),Urban,Total,530723,96884,422253,82676,91964,10942,3920,1051,9854,1731,647,179,1603,208,49,14
HH07,05,State - UTTARAKHAND (05),Urban,1,23557,8541,21039,7482,1737,588,377,218,248,174,80,37,24,24,6,3
HH07,05,State - UTTARAKHAND (05),Urban,2,40135,11878,34620,10559,4027,835,406,183,778,226,75,29,181,31,7,4
HH07,05,State - UTTARAKHAND (05),Urban,3-6,373082,61606,308236,53988,52840,5735,2709,548,7355,1074,400,89,1230,129,30,5
HH07,05,State - UTTARAKHAND (05),Urban,7-10,82508,12399,51944,9064,28595,2976,392,84,1296,215,75,21,143,20,6,2
HH07,05,State - UTTARAKHAND (05),Urban,11+,11441,2460,6414,1583,4765,808,36,18,177,42,17,3,25,4,0,0
HH07,05,State - UTTARAKHAND (05),Urban,Mean household size,4.8,4.3,4.6,4.2,6.0,5.8,4.2,3.6,4.8,4.4,4.6,3.7,4.5,4.1,4.1,3.1
HH07,06,State - HARYANA (06),Total,Total,4281429,565971,3785944,508691,255607,22978,9902,1458,216848,31000,1289,145,9193,1200,391,59
HH07,06,State - HARYANA (06),Total,1,74862,44734,67428,39350,3908,2403,334,224,2827,2526,66,15,93,101,20,7
HH07,06,State - HARYANA (06),Total,2,226072,59901,198420,53718,13644,2095,901,233,12107,3648,138,18,599,123,41,8
HH07,06,State - HARYANA (06),Total,3-6,3055843,354699,2751654,322009,127384,10870,7407,812,159877,19967,908,86,6912,723,279,38
HH07,06,State - HARYANA (06),Total,7-10,790942,87957,663304,77732,87968,5640,1096,159,36692,4130,157,22,1310,203,45,6
HH07,06,State - HARYANA (06),Total,11+,133710,18680,105138,15882,22703,1970,164,30,5345,729,20,4,279,50,6,0
HH07,06,State - HARYANA (06),Total,Mean household size,5.3,4.7,5.2,4.7,6.5,5.6,4.5,3.9,5.1,4.5,4.5,4.4,5.0,5.0,4.5,3.8
HH07,06,State - HARYANA (06),Rural,Total,2688900,350566,2331745,311470,194992,17322,3035,399,156773,20992,410,42,563,61,155,20
HH07,06,State - HARYANA (06),Rural,1,35927,27735,31969,23979,1803,1977,72,47,1929,1655,14,1,18,6,6,2
HH07,06,State - HARYANA (06),Rural,2,122144,35614,104620,31578,9201,1549,159,49,7951,2387,32,4,30,9,12,1
HH07,06,State - HARYANA (06),Rural,3-6,1862262,219419,1655309,197845,89836,7710,2128,224,113508,13458,269,26,395,34,115,16
HH07,06,State - HARYANA (06),Rural,7-10,567085,55676,463229,48173,73809,4424,581,67,29028,2952,84,10,102,9,21,1
HH07,06,State - HARYANA (06),Rural,11+,101482,12122,76618,9895,20343,1662,95,12,4357,540,11,1,18,3,1,0
HH07,06,State - HARYANA (06),Rural,Mean household size,5.5,4.7,5.4,4.7,6.8,5.7,5.3,4.5,5.3,4.5,5.2,5.0,5.3,4.7,4.8,4.1
HH07,06,State - HARYANA (06),Urban,Total,1592529,215405,1454199,197221,60615,5656,6867,1059,60075,10008,879,103,8630,1139,236,39
HH07,06,State - HARYANA (06),Urban,1,38935,16999,35459,15371,2105,426,262,177,898,871,52,14,75,95,14,5
HH07,06,State - HARYANA (06),Urban,2,103928,24287,93800,22140,4443,546,742,184,4156,1261,106,14,569,114,29,7
HH07,06,State - HARYANA (06),Urban,3-6,1193581,135280,1096345,124164,37548,3160,5279,588,46369,6509,639,60,6517,689,164,22
HH07,06,State - HARYANA (06),Urban,7-10,223857,32281,200075,29559,14159,1216,515,92,7664,1178,73,12,1208,194,24,5
HH07,06,State - HARYANA (06),Urban,11+,32228,6558,28520,5987,2360,308,69,18,988,189,9,3,261,47,5,0
HH07,06,State - HARYANA (06),Urban,Mean household size,4.9,4.7,4.9,4.7,5.4,5.2,4.2,3.7,4.8,4.3,4.2,4.2,5.0,5.0,4.3,3.6
HH07,07,State - NCT OF DELHI (07),Total,Total,3035940,394821,2525055,323449,342684,39108,30124,5954,102074,21540,3317,613,30178,3682,475,123
HH07,07,State - NCT OF DELHI (07),Total,1,111263,30837,94443,25499,13080,1905,1108,1020,1901,1916,254,97,283,298,53,43
HH07,07,State - NCT OF DELHI (07),Total,2,207703,43387,176001,35874,19086,3031,2889,1168,7463,2737,290,141,1694,370,86,24
HH07,07,State - NCT OF DELHI (07),Total,3-6,2194710,238200,1857055,197834,206626,20647,24289,3299,79108,13606,2305,312,23666,2277,312,48
HH07,07,State - NCT OF DELHI (07),Total,7-10,455467,67430,349084,53190,88102,10275,1680,405,12029,2831,422,51,3837,611,20,6
HH07,07,State - NCT OF DELHI (07),Total,11+,66797,14967,48472,11052,15790,3250,158,62,1573,450,46,12,698,126,4,2
HH07,07,State - NCT OF DELHI (07),Total,Mean household size,4.9,4.8,4.8,4.8,5.6,5.9,4.0,3.4,4.7,4.4,4.4,3.7,4.9,4.9,3.6,2.9
HH07,07,State - NCT OF DELHI (07),Rural,Total,70464,9044,64944,8305,4479,593,218,39,694,86,25,3,35,8,4,0
HH07,07,State - NCT OF DELHI (07),Rural,1,1904,453,1713,403,156,35,8,1,16,9,3,0,1,4,0,0
HH07,07,State - NCT OF DELHI (07),Rural,2,3507,730,3212,658,233,46,11,12,36,11,2,0,5,2,2,0
HH07,07,State - NCT OF DELHI (07),Rural,3-6,49714,5631,46349,5235,2628,313,171,24,483,48,16,2,24,2,2,0
HH07,07,State - NCT OF DELHI (07),Rural,7-10,13178,1818,11734,1637,1267,165,24,1,135,14,4,0,5,0,0,0
HH07,07,State - NCT OF DELHI (07),Rural,11+,2161,412,1936,372,195,34,4,1,24,4,0,1,0,0,0,0
HH07,07,State - NCT OF DELHI (07),Rural,Mean household size,5.3,5.2,5.2,5.2,5.7,5.5,4.6,3.7,5.3,4.6,4.2,7.3,4.3,2.1,3.8,0.0
HH07,07,State - NCT OF DELHI (07),Urban,Total,2965476,385777,2460111,315144,338205,38515,29906,5915,101380,21454,3292,610,30143,3674,471,123
HH07,07,State - NCT OF DELHI (07),Urban,1,109359,30384,92730,25096,12924,1870,1100,1019,1885,1907,251,97,282,294,53,43
HH07,07,State - NCT OF DELHI (07),Urban,2,204196,42657,172789,35216,18853,2985,2878,1156,7427,2726,288,141,1689,368,84,24
HH07,07,State - NCT OF DELHI (07),Urban,3-6,2144996,232569,1810706,192599,203998,20334,24118,3275,78625,13558,2289,310,23642,2275,310,48
HH07,07,State - NCT OF DELHI (07),Urban,7-10,442289,65612,337350,51553,86835,10110,1656,404,11894,2817,418,51,3832,611,20,6
HH07,07,State - NCT OF DELHI (07),Urban,11+,64636,14555,46536,10680,15595,3216,154,61,1549,446,46,11,698,126,4,2
HH07,07,State - NCT OF DELHI (07),Urban,Mean household size,4.9,4.8,4.8,4.8,5.6,5.9,4.0,3.4,4.7,4.4,4.4,3.7,4.9,4.9,3.6,2.9
HH07,08,State - RAJASTHAN (08),Total,Total,11511640,1177124,10288907,1031783,921226,110430,17905,3287,157887,16310,2049,172,112534,13532,795,79
HH07,08,State - RAJASTHAN (08),Total,1,208715,198806,189577,178447,12614,13682,551,734,2889,2165,57,23,2158,3327,18,14
HH07,08,State - RAJASTHAN (08),Total,2,833546,144729,750494,129062,57169,10988,1595,558,11428,2189,145,16,11664,1695,75,13
HH07,08,State - RAJASTHAN (08),Total,3-6,7365966,635088,6635804,559632,518984,57110,12890,1685,112747,9452,1324,99,77521,6394,516,43
HH07,08,State - RAJASTHAN (08),Total,7-10,2624443,158297,2310867,132974,263863,21093,2552,260,27249,2133,432,30,17302,1612,163,8
HH07,08,State - RAJASTHAN (08),Total,11+,478970,40204,402165,31668,68596,7557,317,50,3574,371,91,4,3889,504,23,1
HH07,08,State - RAJASTHAN (08),Total,Mean household size,5.5,4.3,5.5,4.2,6.1,5.1,4.7,3.5,5.1,4.2,5.4,4.4,5.0,4.0,5.1,3.8
HH07,08,State - RAJASTHAN (08),Rural,Total,8652069,831282,8000702,762666,475601,50201,8382,1049,127617,12117,1311,97,30546,4060,568,51
HH07,08,State - RAJASTHAN (08),Rural,1,142364,154979,132462,144063,5872,7092,207,276,2268,1679,35,10,849,1544,10,9
HH07,08,State - RAJASTHAN (08),Rural,2,644934,104093,598280,96562,31727,5098,705,160,9117,1571,87,7,4235,534,52,7
HH07,08,State - RAJASTHAN (08),Rural,3-6,5426366,446759,5049420,410093,256440,27152,5551,501,90104,6925,810,59,19407,1566,357,27
HH07,08,State - RAJASTHAN (08),Rural,7-10,2082159,102654,1902212,91839,148099,8595,1741,99,23176,1668,316,18,5016,309,134,7
HH07,08,State - RAJASTHAN (08),Rural,11+,356246,22797,318328,20109,33463,2264,178,13,2952,274,63,3,1039,107,15,1
HH07,08,State - RAJASTHAN (08),Rural,Mean household size,5.5,4.1,5.5,4.0,6.1,4.7,5.1,3.4,5.1,4.3,5.6,4.6,5.0,3.2,5.3,4.1
HH07,08,State - RAJASTHAN (08),Urban,Total,2859571,345842,2288205,269117,445625,60229,9523,2238,30270,4193,738,75,81988,9472,227,28
HH07,08,State - RAJASTHAN (08),Urban,1,66351,43827,57115,34384,6742,6590,344,458,621,486,22,13,1309,1783,8,5
HH07,08,State - RAJASTHAN (08),Urban,2,188612,40636,152214,32500,25442,5890,890,398,2311,618,58,9,7429,1161,23,6
HH07,08,State - RAJASTHAN (08),Urban,3-6,1939600,188329,1586384,149539,262544,29958,7339,1184,22643,2527,514,40,58114,4828,159,16
HH07,08,State - RAJASTHAN (08),Urban,7-10,542284,55643,408655,41135,115764,12498,811,161,4073,465,116,12,12286,1303,29,1
HH07,08,State - RAJASTHAN (08),Urban,11+,122724,17407,83837,11559,35133,5293,139,37,622,97,28,1,2850,397,8,0
HH07,08,State - RAJASTHAN (08),Urban,Mean household size,5.3,4.7,5.2,4.6,6.1,5.5,4.3,3.5,4.8,4.1,5.1,4.1,5.0,4.4,4.7,3.1
HH07,09,State - UTTAR PRADESH (09),Total,Total,29298014,4006871,23902808,3217023,5107158,743303,56270,11636,107073,14622,30544,4022,35695,4514,1938,325
HH07,09,State - UTTAR PRADESH (09),Total,1,715336,479003,621518,400719,78274,70455,1861,1741,2087,1448,891,520,530,463,82,60
HH07,09,State - UTTAR PRADESH (09),Total,2,1782815,392893,1512439,322489,249391,64692,3945,1410,6966,1724,2090,401,2425,496,127,53
HH07,09,State - UTTAR PRADESH (09),Total,3-6,16119714,1994575,13543683,1625995,2398853,345487,34246,5888,73147,8456,17045,2026,25588,2486,1174,149
HH07,09,State - UTTAR PRADESH (09),Total,7-10,8609631,856892,6651512,655808,1897027,193329,13247,2036,20534,2372,8695,866,5774,789,447,49
HH07,09,State - UTTAR PRADESH (09),Total,11+,2070518,283508,1573656,212012,483613,69340,2971,561,4339,622,1823,209,1378,280,108,14
HH07,09,State - UTTAR PRADESH (09),Total,Mean household size,6.1,5.3,5.9,5.1,6.7,5.8,5.5,4.7,5.3,4.7,5.9,5.0,5.2,5.0,5.6,4.4
HH07,09,State - UTTAR PRADESH (09),Rural,Total,22576354,3018996,19215729,2542741,3191568,450694,27512,4861,71161,8364,25915,3392,4282,513,1225,187
HH07,09,State - UTTAR PRADESH (09),Rural,1,560545,398474,499617,343336,49891,49998,866,719,1438,918,740,471,116,85,48,35
HH07,09,State - UTTAR PRADESH (09),Rural,2,1425372,298715,1244996,255322,167998,40343,1722,462,4504,953,1794,341,322,51,79,27
HH07,09,State - UTTAR PRADESH (09),Rural,3-6,11966254,1476362,10441907,1256928,1429887,207802,14303,2257,46418,4671,14164,1689,2626,241,654,83
HH07,09,State - UTTAR PRADESH (09),Rural,7-10,6932559,635700,5664449,517960,1226154,113263,8550,1101,15507,1415,7617,725,983,99,355,31
HH07,09,State - UTTAR PRADESH (09),Rural,11+,1691624,209745,1364760,169195,317638,39288,2071,322,3294,407,1600,166,235,37,89,11
HH07,09,State - UTTAR PRADESH (09),Rural,Mean household size,6.2,5.2,6.1,5.1,6.7,5.7,6.1,5.2,5.5,4.8,5.9,4.9,5.6,5.0,6.0,4.7
HH07,09,State - UTTAR PRADESH (09),Urban,Total,6721660,987875,4687079,674282,1915590,292609,28758,6775,35912,6258,4629,630,31413,4001,713,138
HH07,09,State - UTTAR PRADESH (09),Urban,1,154791,80529,121901,57383,28383,20457,995,1022,649,530,151,49,414,378,34,25
HH07,09,State - UTTAR PRADESH (09),Urban,2,357443,94178,267443,67167,81393,24349,2223,948,2462,771,296,60,2103,445,48,26
HH07,09,State - UTTAR PRADESH (09),Urban,3-6,4153460,518213,3101776,369067,968966,137685,19943,3631,26729,3785,2881,337,22962,2245,520,66
HH07,09,State - UTTAR PRADESH (09),Urban,7-10,1677072,221192,987063,137848,670873,80066,4697,935,5027,957,1078,141,4791,690,92,18
HH07,09,State - UTTAR PRADESH (09),Urban,11+,378894,73763,208896,42817,165975,30052,900,239,1045,215,223,43,1143,243,19,3
HH07,09,State - UTTAR PRADESH (09),Urban,Mean household size,5.8,5.5,5.5,5.2,6.5,6.1,4.9,4.3,5.0,4.7,5.5,5.7,5.1,5.0,4.8,4.0
HH07,10,State - BIHAR (10),Total,Total,16902635,1974627,14110297,1578542,2740901,387260,21979,4194,3977,624,3620,333,2615,363,2277,256
HH07,10,State - BIHAR (10),Total,1,230287,264769,199179,207676,28631,55373,644,797,85,64,73,31,43,40,39,53
HH07,10,State - BIHAR (10),Total,2,1457389,229818,1218491,179495,234607,49240,1750,522,280,89,232,28,204,35,194,34
HH07,10,State - BIHAR (10),Total,3-6,10266766,1035199,8712160,836112,1523461,194926,14029,2108,2715,334,2007,170,1675,169,1440,117
HH07,10,State - BIHAR (10),Total,7-10,4172727,343988,3328049,271382,833245,71141,4798,618,754,101,998,75,552,84,544,47
HH07,10,State - BIHAR (10),Total,11+,775466,100853,652418,83877,120957,16580,758,149,143,36,310,29,141,35,60,5
HH07,10,State - BIHAR (10),Total,Mean household size,5.6,4.8,5.6,4.8,5.7,4.7,5.3,4.3,5.2,4.8,6.2,5.6,5.5,5.8,5.3,4.2
HH07,10,State - BIHAR (10),Rural,Total,15096412,1737844,12647156,1394212,2409518,337351,16761,2762,2079,321,3320,308,949,127,2102,219
HH07,10,State - BIHAR (10),Rural,1,201593,245315,174860,192388,24854,51675,324,458,49,49,57,30,14,18,32,46
HH07,10,State - BIHAR (10),Rural,2,1354222,207130,1133504,161788,217195,44530,1401,354,182,58,205,27,92,14,183,28
HH07,10,State - BIHAR (10),Rural,3-6,9134871,909431,7764927,736374,1346529,170168,10381,1398,1363,152,1826,152,604,61,1318,101
HH07,10,State - BIHAR (10),Rural,7-10,3730292,293283,2997191,233374,723786,58839,4031,447,426,48,933,72,206,32,510,39
HH07,10,State - BIHAR (10),Rural,11+,675434,82685,576674,70288,97154,12139,624,105,59,14,299,27,33,2,59,5
HH07,10,State - BIHAR (10),Rural,Mean household size,5.6,4.7,5.5,4.7,5.7,4.5,5.4,4.4,5.2,4.2,6.3,5.6,5.3,4.6,5.3,4.2
HH07,10,State - BIHAR (10),Urban,Total,1806223,236783,1463141,184330,331383,49909,5218,1432,1898,303,300,25,1666,236,175,37
HH07,10,State - BIHAR (10),Urban,1,28694,19454,24319,15288,3777,3698,320,339,36,15,16,1,29,22,7,7
HH07,10,State - BIHAR (10),Urban,2,103167,22688,84987,17707,17412,4710,349,168,98,31,27,1,112,21,11,6
HH07,10,State - BIHAR (10),Urban,3-6,1131895,125768,947233,99738,176932,24758,3648,710,1352,182,181,18,1071,108,122,16
HH07,10,State - BIHAR (10),Urban,7-10,442435,50705,330858,38008,109459,12302,767,171,328,53,65,3,346,52,34,8
HH07,10,State - BIHAR (10),Urban,11+,100032,18168,75744,13589,23803,4441,134,44,84,22,11,2,108,33,1,0
HH07,10,State - BIHAR (10),Urban,Mean household size,5.8,5.4,5.6,5.4,6.2,5.7,4.8,4.0,5.3,5.3,5.3,5.4,5.6,6.4,4.8,4.1
HH07,11,State - SIKKIM (11),Total,Total,111500,16690,65034,8713,1786,117,11385,1883,84,8,30093,5583,67,7,2971,367
HH07,11,State - SIKKIM (11),Total,1,4926,1744,3018,931,176,4,372,210,8,0,1240,558,0,0,104,39
HH07,11,State - SIKKIM (11),Total,2,8835,2742,5220,1403,206,14,872,348,13,4,2319,914,6,1,194,57
HH07,11,State - SIKKIM (11),Total,3-6,79189,9900,46274,5175,1061,74,8498,1121,57,4,21157,3310,53,3,2031,209
HH07,11,State - SIKKIM (11),Total,7-10,17037,2043,9663,1077,304,19,1523,179,6,0,4935,704,7,3,590,56
HH07,11,State - SIKKIM (11),Total,11+,1513,261,859,127,39,6,120,25,0,0,442,97,1,0,52,6
HH07,11,State - SIKKIM (11),Total,Mean household size,4.7,4.1,4.6,4.1,4.6,4.9,4.6,3.8,3.8,3.3,4.7,4.1,4.5,5.6,5.0,4.4
HH07,11,State - SIKKIM (11),Rural,Total,80964,11757,45818,6155,577,41,8399,1259,42,6,23167,3930,36,2,2861,355
HH07,11,State - SIKKIM (11),Rural,1,3244,1124,1882,618,83,1,253,119,5,0,913,349,0,0,102,35
HH07,11,State - SIKKIM (11),Rural,2,5791,1754,3250,872,74,6,568,214,7,3,1703,605,4,0,180,54
HH07,11,State - SIKKIM (11),Rural,3-6,56734,7100,32225,3749,317,22,6205,763,24,3,15941,2355,29,0,1947,205
HH07,11,State - SIKKIM (11),Rural,7-10,14029,1597,7828,831,91,10,1268,144,6,0,4244,551,3,2,582,55
HH07,11,State - SIKKIM (11),Rural,11+,1166,182,633,85,12,2,105,19,0,0,366,70,0,0,50,6
HH07,11,State - SIKKIM (11),Rural,Mean household size,4.8,4.2,4.8,4.2,4.4,5.3,4.7,4.1,4.0,3.2,4.9,4.3,4.3,7.5,5.0,4.4
HH07,11,State - SIKKIM (11),Urban,Total,30536,4933,19216,2558,1209,76,2986,624,42,2,6926,1653,31,5,110,12
HH07,11,State - SIKKIM (11),Urban,1,1682,620,1136,313,93,3,119,91,3,0,327,209,0,0,2,4
HH07,11,State - SIKKIM (11),Urban,2,3044,988,1970,531,132,8,304,134,6,1,616,309,2,1,14,3
HH07,11,State - SIKKIM (11),Urban,3-6,22455,2800,14049,1426,744,52,2293,358,33,1,5216,955,24,3,84,4
HH07,11,State - SIKKIM (11),Urban,7-10,3008,446,1835,246,213,9,255,35,0,0,691,153,4,1,8,1
HH07,11,State - SIKKIM (11),Urban,11+,347,79,226,42,27,4,15,6,0,0,76,27,1,0,2,0
HH07,11,State - SIKKIM (11),Urban,Mean household size,4.3,3.7,4.2,3.8,4.8,4.7,4.1,3.4,3.5,3.5,4.3,3.8,4.7,4.8,4.3,3.0
HH07,12,State - ARUNACHAL PRADESH (12),Total,Total,231845,35114,77887,8630,5205,564,63053,10386,207,28,28042,5407,108,18,57030,10028
HH07,12,State - ARUNACHAL PRADESH (12),Total,1,12661,5082,7204,1268,586,83,1677,1228,18,5,1117,880,3,3,1997,1598
HH07,12,State - ARUNACHAL PRADESH (12),Total,2,18161,5897,8042,1496,604,76,3489,1676,29,3,1975,1031,5,2,3988,1606
HH07,12,State - ARUNACHAL PRADESH (12),Total,3-6,141999,19451,51011,5041,3115,349,35788,5771,126,14,19115,2999,69,10,32626,5244
HH07,12,State - ARUNACHAL PRADESH (12),Total,7-10,52477,4121,10488,728,814,48,19498,1489,26,6,5343,459,24,3,16217,1382
HH07,12,State - ARUNACHAL PRADESH (12),Total,11+,6547,563,1142,97,86,8,2601,222,8,0,492,38,7,0,2202,198
HH07,12,State - ARUNACHAL PRADESH (12),Total,Mean household size,5.2,3.9,4.5,3.7,4.5,3.8,5.8,4.2,8.6,3.8,5.0,3.6,5.5,3.7,5.6,4.1
HH07,12,State - ARUNACHAL PRADESH (12),Rural,Total,173083,24548,47393,5010,2214,228,52047,7658,117,8,24528,4373,75,14,46445,7215
HH07,12,State - ARUNACHAL PRADESH (12),Rural,1,7587,3286,3945,715,238,34,1093,790,8,3,880,716,2,3,1373,1010
HH07,12,State - ARUNACHAL PRADESH (12),Rural,2,12265,3784,4479,807,232,27,2710,1102,21,1,1663,780,4,2,3134,1059
HH07,12,State - ARUNACHAL PRADESH (12),Rural,3-6,103262,13658,30122,2920,1269,144,28902,4315,67,3,16526,2429,46,6,26200,3824
HH07,12,State - ARUNACHAL PRADESH (12),Rural,7-10,44334,3342,8018,499,423,16,17027,1258,16,1,4993,415,18,3,13782,1146
HH07,12,State - ARUNACHAL PRADESH (12),Rural,11+,5635,478,829,69,52,7,2315,193,5,0,466,33,5,0,1956,176
HH07,12,State - ARUNACHAL PRADESH (12),Rural,Mean household size,5.4,4.1,4.7,3.9,4.8,4.0,5.9,4.5,8.8,2.8,5.1,3.7,5.6,3.8,5.7,4.3
HH07,12,State - ARUNACHAL PRADESH (12),Urban,Total,58762,10566,30494,3620,2991,336,11006,2728,90,20,3514,1034,33,4,10585,2813
HH07,12,State - ARUNACHAL PRADESH (12),Urban,1,5074,1796,3259,553,348,49,584,438,10,2,237,164,1,0,624,588
HH07,12,State - ARUNACHAL PRADESH (12),Urban,2,5896,2113,3563,689,372,49,779,574,8,2,312,251,1,0,854,547
HH07,12,State - ARUNACHAL PRADESH (12),Urban,3-6,38737,5793,20889,2121,1846,205,6886,1456,59,11,2589,570,23,4,6426,1420
HH07,12,State - ARUNACHAL PRADESH (12),Urban,7-10,8143,779,2470,229,391,32,2471,231,10,5,350,44,6,0,2435,236
HH07,12,State - ARUNACHAL PRADESH (12),Urban,11+,912,85,313,28,34,1,286,29,3,0,26,5,2,0,246,22
HH07,12,State - ARUNACHAL PRADESH (12),Urban,Mean household size,4.6,3.5,4.2,3.5,4.3,3.7,5.1,3.6,8.2,4.2,4.6,3.2,5.3,3.3,5.1,3.5
HH07,13,State - NAGALAND (13),Total,Total,339962,53423,34724,3144,10184,674,292733,49244,173,11,811,135,404,33,579,129
HH07,13,State - NAGALAND (13),Total,1,14732,8415,3544,267,989,81,10104,8016,11,0,29,12,7,6,27,25
HH07,13,State - NAGALAND (13),Total,2,27252,9823,3910,502,1292,128,21891,9142,19,2,63,19,16,6,37,17
HH07,13,State - NAGALAND (13),Total,3-6,207660,28892,23576,2028,6077,386,176599,26277,130,8,530,81,245,8,297,73
HH07,13,State - NAGALAND (13),Total,7-10,85275,5884,3436,291,1700,70,79550,5476,11,1,179,22,111,5,195,14
HH07,13,State - NAGALAND (13),Total,11+,5043,409,258,56,126,9,4589,333,2,0,10,1,25,8,23,0
HH07,13,State - NAGALAND (13),Total,Mean household size,5.1,3.7,4.1,4.0,4.4,3.8,5.3,3.7,3.9,4.2,5.0,4.2,6.1,6.3,5.7,3.8
HH07,13,State - NAGALAND (13),Rural,Total,241009,35171,11773,1015,4290,290,223537,33644,48,2,459,65,72,7,551,108
HH07,13,State - NAGALAND (13),Rural,1,9081,6050,1197,96,247,37,7585,5879,5,0,10,6,2,2,23,24
HH07,13,State - NAGALAND (13),Rural,2,19065,6500,1283,149,438,50,17250,6270,5,0,30,8,7,2,36,16
HH07,13,State - NAGALAND (13),Rural,3-6,143599,18253,7688,653,2523,160,132603,17317,32,2,274,40,38,2,282,55
HH07,13,State - NAGALAND (13),Rural,7-10,65768,4137,1533,107,1017,39,62779,3963,6,0,138,10,25,1,187,13
HH07,13,State - NAGALAND (13),Rural,11+,3496,231,72,10,65,4,3320,215,0,0,7,1,0,0,23,0
HH07,13,State - NAGALAND (13),Rural,Mean household size,5.2,3.7,4.3,4.0,5.0,4.0,5.3,3.7,3.9,4.0,5.4,4.2,5.6,3.4,5.7,3.6
HH07,13,State - NAGALAND (13),Urban,Total,98953,18252,22951,2129,5894,384,69196,15600,125,9,352,70,332,26,28,21
HH07,13,State - NAGALAND (13),Urban,1,5651,2365,2347,171,742,44,2519,2137,6,0,19,6,5,4,4,1
HH07,13,State - NAGALAND (13),Urban,2,8187,3323,2627,353,854,78,4641,2872,14,2,33,11,9,4,1,1
HH07,13,State - NAGALAND (13),Urban,3-6,64061,10639,15888,1375,3554,226,43996,8960,98,6,256,41,207,6,15,18
HH07,13,State - NAGALAND (13),Urban,7-10,19507,1747,1903,184,683,31,16771,1513,5,1,41,12,86,4,8,1
HH07,13,State - NAGALAND (13),Urban,11+,1547,178,186,46,61,5,1269,118,2,0,3,0,25,8,0,0
HH07,13,State - NAGALAND (13),Urban,Mean household size,4.9,3.8,4.0,3.9,4.1,3.7,5.2,3.7,3.9,4.2,4.5,4.2,6.3,7.1,4.7,4.3
HH07,14,State - MANIPUR (14),Total,Total,472620,83320,204198,40853,36409,6633,188489,27973,221,30,1032,180,233,38,41438,7473
HH07,14,State - MANIPUR (14),Total,1,4751,5882,2117,2686,238,447,2025,2315,1,6,8,5,7,1,314,402
HH07,14,State - MANIPUR (14),Total,2,26038,11486,10990,5586,1407,839,11269,4045,21,3,67,30,10,1,2224,960
HH07,14,State - MANIPUR (14),Total,3-6,333386,51556,161177,26600,22384,3837,115590,15894,163,17,720,122,161,24,32810,4984
HH07,14,State - MANIPUR (14),Total,7-10,100425,13212,28181,5554,11629,1408,54374,5144,33,3,221,20,39,10,5832,1056
HH07,14,State - MANIPUR (14),Total,11+,8020,1184,1733,427,751,102,5231,575,3,1,16,3,16,2,258,71
HH07,14,State - MANIPUR (14),Total,Mean household size,5.2,4.5,4.8,4.4,5.7,4.7,5.6,4.5,4.8,3.8,5.2,4.3,5.6,5.4,4.8,4.5
HH07,14,State - MANIPUR (14),Rural,Total,332141,52012,110715,19516,23861,4098,171614,24206,87,13,638,93,39,10,24770,3991
HH07,14,State - MANIPUR (14),Rural,1,3138,3891,1015,1309,129,273,1764,2053,1,3,5,2,3,0,191,238
HH07,14,State - MANIPUR (14),Rural,2,18563,7164,5807,2574,971,564,10405,3503,8,2,38,16,3,1,1295,491
HH07,14,State - MANIPUR (14),Rural,3-6,225870,31369,86619,12639,14497,2313,104686,13670,63,7,398,56,26,8,19330,2629
HH07,14,State - MANIPUR (14),Rural,7-10,78235,8776,16359,2794,7787,888,49979,4473,15,0,186,16,5,1,3813,595
HH07,14,State - MANIPUR (14),Rural,11+,6335,812,915,200,477,60,4780,507,0,1,11,3,2,0,141,38
HH07,14,State - MANIPUR (14),Rural,Mean household size,5.3,4.5,4.9,4.4,5.7,4.7,5.6,4.5,4.7,3.6,5.5,4.7,5.1,4.4,4.9,4.5
HH07,14,State - MANIPUR (14),Urban,Total,140479,31308,93483,21337,12548,2535,16875,3767,134,17,394,87,194,28,16668,3482
HH07,14,State - MANIPUR (14),Urban,1,1613,1991,1102,1377,109,174,261,262,0,3,3,3,4,1,123,164
HH07,14,State - MANIPUR (14),Urban,2,7475,4322,5183,3012,436,275,864,542,13,1,29,14,7,0,929,469
HH07,14,State - MANIPUR (14),Urban,3-6,107516,20187,74558,13961,7887,1524,10904,2224,100,10,322,66,135,16,13480,2355
HH07,14,State - MANIPUR (14),Urban,7-10,22190,4436,11822,2760,3842,520,4395,671,18,3,35,4,34,9,2019,461
HH07,14,State - MANIPUR (14),Urban,11+,1685,372,818,227,274,42,451,68,3,0,5,0,14,2,117,33
HH07,14,State - MANIPUR (14),Urban,Mean household size,4.9,4.4,4.7,4.3,5.7,4.8,5.5,4.5,4.9,3.9,4.6,3.9,5.7,5.8,4.7,4.4
HH07,15,State - MIZORAM (15),Total,Total,185048,37069,5080,436,3247,188,159214,35277,30,2,17202,1109,43,6,139,30
HH07,15,State - MIZORAM (15),Total,1,7616,3745,658,47,392,27,6305,3540,3,0,231,127,2,1,11,1
HH07,15,State - MIZORAM (15),Total,2,13181,5954,605,71,458,34,10935,5662,2,1,1154,176,7,3,10,6
HH07,15,State - MIZORAM (15),Total,3-6,125236,21593,3316,254,1864,96,108145,20548,23,1,11734,662,26,2,77,18
HH07,15,State - MIZORAM (15),Total,7-10,36045,5283,455,47,487,30,31172,5063,2,0,3866,135,8,0,39,3
HH07,15,State - MIZORAM (15),Total,11+,2970,494,46,17,46,1,2657,464,0,0,217,9,0,0,2,2
HH07,15,State - MIZORAM (15),Total,Mean household size,5.0,4.2,4.0,4.1,4.2,4.0,5.0,4.2,4.1,2.5,5.1,4.0,4.3,2.3,5.2,4.4
HH07,15,State - MIZORAM (15),Rural,Total,91902,13750,1135,76,1194,69,72513,12542,5,1,16899,1039,33,3,85,11
HH07,15,State - MIZORAM (15),Rural,1,3649,1650,189,12,82,10,3146,1503,0,0,217,123,0,1,6,0
HH07,15,State - MIZORAM (15),Rural,2,6580,2256,141,20,92,14,5216,2050,0,1,1119,168,3,1,6,2
HH07,15,State - MIZORAM (15),Rural,3-6,60704,7632,641,35,692,34,47733,6934,5,0,11547,616,23,1,48,7
HH07,15,State - MIZORAM (15),Rural,7-10,19483,2014,151,7,295,11,15189,1867,0,0,3807,125,7,0,24,1
HH07,15,State - MIZORAM (15),Rural,11+,1486,198,13,2,33,0,1229,188,0,0,209,7,0,0,1,1
HH07,15,State - MIZORAM (15),Rural,Mean household size,5.1,4.1,4.1,3.5,5.1,3.9,5.1,4.2,4.2,2.0,5.1,4.0,4.8,2.3,5.2,4.7
HH07,15,State - MIZORAM (15),Urban,Total,93146,23319,3945,360,2053,119,86701,22735,25,1,303,70,10,3,54,19
HH07,15,State - MIZORAM (15),Urban,1,3967,2095,469,35,310,17,3159,2037,3,0,14,4,2,0,5,1
HH07,15,State - MIZORAM (15),Urban,2,6601,3698,464,51,366,20,5719,3612,2,0,35,8,4,2,4,4
HH07,15,State - MIZORAM (15),Urban,3-6,64532,13961,2675,219,1172,62,60412,13614,18,1,187,46,3,1,29,11
HH07,15,State - MIZORAM (15),Urban,7-10,16562,3269,304,40,192,19,15983,3196,2,0,59,10,1,0,15,2
HH07,15,State - MIZORAM (15),Urban,11+,1484,296,33,15,13,1,1428,276,0,0,8,2,0,0,1,1
HH07,15,State - MIZORAM (15),Urban,Mean household size,4.9,4.2,4.0,4.3,3.7,4.1,5.0,4.2,4.0,3.0,4.9,4.5,2.6,2.3,5.1,4.3
HH07,16,State - TRIPURA (16),Total,Total,732203,120647,622422,104040,55634,9950,28891,3503,158,23,23970,2932,179,20,298,45
HH07,16,State - TRIPURA (16),Total,1,10656,18613,9339,16644,523,1169,389,382,10,5,357,363,4,3,5,13
HH07,16,State - TRIPURA (16),Total,2,50107,24738,44218,21757,2690,1852,1612,614,18,5,1486,474,10,1,22,8
HH07,16,State - TRIPURA (16),Total,3-6,598688,68655,513723,58666,42306,5851,22970,2211,107,12,18677,1817,143,14,253,22
HH07,16,State - TRIPURA (16),Total,7-10,69533,8117,52856,6551,9494,1001,3742,287,19,1,3326,262,21,2,17,2
HH07,16,State - TRIPURA (16),Total,11+,3219,524,2286,422,621,77,178,9,4,0,124,16,1,0,1,0
HH07,16,State - TRIPURA (16),Total,Mean household size,4.4,3.5,4.3,3.4,5.0,3.8,4.7,3.8,4.1,2.7,4.7,3.8,4.6,3.8,4.2,3.0
HH07,16,State - TRIPURA (16),Rural,Total,532826,81836,435047,67296,47214,8497,27468,3258,98,12,22290,2639,83,16,233,37
HH07,16,State - TRIPURA (16),Rural,1,7084,13058,6007,11322,404,1011,329,356,3,4,319,329,2,2,2,13
HH07,16,State - TRIPURA (16),Rural,2,35371,16163,30121,13561,2294,1613,1506,555,10,1,1388,409,6,1,16,5
HH07,16,State - TRIPURA (16),Rural,3-6,430793,46818,355432,38051,35645,4983,21782,2066,68,6,17301,1647,65,11,198,18
HH07,16,State - TRIPURA (16),Rural,7-10,57201,5506,41920,4158,8348,826,3677,274,15,1,3175,238,10,2,16,1
HH07,16,State - TRIPURA (16),Rural,11+,2377,291,1567,204,523,64,174,7,2,0,107,16,0,0,1,0
HH07,16,State - TRIPURA (16),Rural,Mean household size,4.5,3.5,4.4,3.4,5.0,3.8,4.7,3.8,4.4,2.6,4.7,3.8,4.4,3.8,4.3,2.9
HH07,16,State - TRIPURA (16),Urban,Total,199377,38811,187375,36744,8420,1453,1423,245,60,11,1680,293,96,4,65,8
HH07,16,State - TRIPURA (16),Urban,1,3572,5555,3332,5322,119,158,60,26,7,1,38,34,2,1,3,0
HH07,16,State - TRIPURA (16),Urban,2,14736,8575,14097,8196,396,239,106,59,8,4,98,65,4,0,6,3
HH07,16,State - TRIPURA (16),Urban,3-6,167895,21837,158291,20615,6661,868,1188,145,39,6,1376,170,78,3,55,4
HH07,16,State - TRIPURA (16),Urban,7-10,12332,2611,10936,2393,1146,175,65,13,4,0,151,24,11,0,1,1
HH07,16,State - TRIPURA (16),Urban,11+,842,233,719,218,98,13,4,2,2,0,17,0,1,0,0,0
HH07,16,State - TRIPURA (16),Urban,Mean household size,4.1,3.4,4.1,3.4,4.8,4.0,4.0,3.6,3.7,2.7,4.4,3.5,4.7,3.8,3.6,3.4
HH07,17,State - MEGHALAYA (17),Total,Total,419549,126845,60985,12449,22719,3512,307654,88440,419,130,1017,288,119,13,25862,21785
HH07,17,State - MEGHALAYA (17),Total,1,11796,8974,2669,1158,526,680,6712,6094,19,0,43,17,7,3,1749,991
HH07,17,State - MEGHALAYA (17),Total,2,24252,15260,5015,2010,1628,623,15844,10541,25,10,61,41,5,2,1633,2002
HH07,17,State - MEGHALAYA (17),Total,3-6,251773,70672,43664,7442,14750,1781,178335,49659,280,90,677,187,75,7,13552,11387
HH07,17,State - MEGHALAYA (17),Total,7-10,117659,27835,8666,1593,5335,368,95344,19514,77,28,215,39,26,1,7797,6250
HH07,17,State - MEGHALAYA (17),Total,11+,14069,4104,971,246,480,60,11419,2632,18,2,21,4,6,0,1131,1155
HH07,17,State - MEGHALAYA (17),Total,Mean household size,5.5,4.9,4.7,4.2,5.2,3.7,5.7,4.9,5.2,5.1,5.0,4.3,5.4,3.8,5.6,5.6
HH07,17,State - MEGHALAYA (17),Rural,Total,333146,96366,32488,7315,19805,3139,256050,66169,77,13,524,113,55,9,23450,19415
HH07,17,State - MEGHALAYA (17),Rural,1,8387,6910,1176,808,341,646,5163,4539,4,0,16,11,6,3,1617,874
HH07,17,State - MEGHALAYA (17),Rural,2,18268,11301,2461,1160,1339,576,12925,7756,5,2,28,17,4,0,1471,1762
HH07,17,State - MEGHALAYA (17),Rural,3-6,194252,52686,22740,4258,12839,1569,145785,36504,51,10,315,67,34,6,12100,10176
HH07,17,State - MEGHALAYA (17),Rural,7-10,100481,22250,5609,970,4892,311,82382,15270,14,1,152,16,11,0,7233,5646
HH07,17,State - MEGHALAYA (17),Rural,11+,11758,3219,502,119,394,37,9795,2100,3,0,13,2,0,0,1029,957
HH07,17,State - MEGHALAYA (17),Rural,Mean household size,5.6,5.0,4.8,4.2,5.3,3.6,5.8,5.0,4.9,4.4,5.5,4.2,4.5,3.4,5.6,5.6
HH07,17,State - MEGHALAYA (17),Urban,Total,86403,30479,28497,5134,2914,373,51604,22271,342,117,493,175,64,4,2412,2370
HH07,17,State - MEGHALAYA (17),Urban,1,3409,2064,1493,350,185,34,1549,1555,15,0,27,6,1,0,132,117
HH07,17,State - MEGHALAYA (17),Urban,2,5984,3959,2554,850,289,47,2919,2785,20,8,33,24,1,2,162,240
HH07,17,State - MEGHALAYA (17),Urban,3-6,57521,17986,20924,3184,1911,212,32550,13155,229,80,362,120,41,1,1452,1211
HH07,17,State - MEGHALAYA (17),Urban,7-10,17178,5585,3057,623,443,57,12962,4244,63,27,63,23,15,1,564,604
HH07,17,State - MEGHALAYA (17),Urban,11+,2311,885,469,127,86,23,1624,532,15,2,8,2,6,0,102,198
HH07,17,State - MEGHALAYA (17),Urban,Mean household size,5.1,4.7,4.5,4.2,4.7,4.9,5.4,4.7,5.2,5.2,4.5,4.3,6.2,4.5,5.3,5.7
HH07,18,State - ASSAM (18),Total,Total,5536966,853374,3477787,580240,1837017,239273,196579,29794,3658,648,9527,1650,4139,458,4674,574
HH07,18,State - ASSAM (18),Total,1,123189,95652,89896,54836,28667,37988,3621,2395,274,36,258,152,70,12,73,51
HH07,18,State - ASSAM (18),Total,2,339315,134048,218288,89242,108783,40193,10674,4012,259,116,597,247,255,41,218,80
HH07,18,State - ASSAM (18),Total,3-6,3997646,501490,2608588,355350,1236021,125665,135036,18178,2637,394,6871,985,2775,229,3354,360
HH07,18,State - ASSAM (18),Total,7-10,975412,106022,508906,70245,418417,30389,43790,4767,421,88,1587,240,780,123,923,72
HH07,18,State - ASSAM (18),Total,11+,101404,16162,52109,10567,45129,5038,3458,442,67,14,214,26,259,53,106,11
HH07,18,State - ASSAM (18),Total,Mean household size,5.0,4.1,4.8,4.2,5.3,4.0,5.2,4.4,4.4,4.3,5.0,4.3,5.5,6.3,5.2,4.3
HH07,18,State - ASSAM (18),Rural,Total,4711956,697206,2813537,451989,1694445,214882,186310,27545,1494,225,8166,1366,491,49,4400,524
HH07,18,State - ASSAM (18),Rural,1,90418,82428,62008,44348,24446,35588,3196,2149,205,21,198,131,25,1,58,43
HH07,18,State - ASSAM (18),Rural,2,278705,109489,167502,68845,100100,36539,10039,3679,106,42,494,195,51,9,200,74
HH07,18,State - ASSAM (18),Rural,3-6,3368878,407353,2097223,277373,1131586,111466,127726,16916,1017,135,5836,823,310,31,3159,328
HH07,18,State - ASSAM (18),Rural,7-10,885932,85970,444507,54259,396209,26923,42092,4404,155,24,1452,201,90,8,881,68
HH07,18,State - ASSAM (18),Rural,11+,88023,11966,42297,7164,42104,4366,3257,397,11,3,186,16,15,0,102,11
HH07,18,State - ASSAM (18),Rural,Mean household size,5.1,4.1,4.9,4.1,5.3,4.0,5.2,4.4,4.1,3.9,5.1,4.3,4.9,4.3,5.2,4.3
HH07,18,State - ASSAM (18),Urban,Total,825010,156168,664250,128251,142572,24391,10269,2249,2164,423,1361,284,3648,409,274,50
HH07,18,State - ASSAM (18),Urban,1,32771,13224,27888,10488,4221,2400,425,246,69,15,60,21,45,11,15,8
HH07,18,State - ASSAM (18),Urban,2,60610,24559,50786,20397,8683,3654,635,333,153,74,103,52,204,32,18,6
HH07,18,State - ASSAM (18),Urban,3-6,628768,94137,511365,77977,104435,14199,7310,1262,1620,259,1035,162,2465,198,195,32
HH07,18,State - ASSAM (18),Urban,7-10,89480,20052,64399,15986,22208,3466,1698,363,266,64,135,39,690,115,42,4
HH07,18,State - ASSAM (18),Urban,11+,13381,4196,9812,3403,3025,672,201,45,56,11,28,10,244,53,4,0
HH07,18,State - ASSAM (18),Urban,Mean household size,4.5,4.3,4.4,4.3,4.9,4.4,4.9,4.3,4.7,4.5,4.4,4.4,5.6,6.5,4.8,3.6
HH07,19,State - WEST BENGAL (19),Total,Total,17723235,2615284,12782090,1989455,4562197,545506,118519,27131,11571,2044,47887,12392,10387,1471,166715,32201
HH07,19,State - WEST BENGAL (19),Total,1,270363,465758,216311,338246,46026,115667,2451,3097,294,194,1067,922,144,142,2411,6441
HH07,19,State - WEST BENGAL (19),Total,2,1370872,442591,1026324,344518,316888,85661,8831,4348,830,280,3152,1790,676,172,11924,4996
HH07,19,State - WEST BENGAL (19),Total,3-6,13802602,1393095,10143135,1076860,3374242,270770,92209,16652,8760,1208,35941,7846,7535,781,124328,16653
HH07,19,State - WEST BENGAL (19),Total,7-10,2040940,268353,1247794,197520,740755,61558,14075,2749,1480,306,7085,1644,1709,293,24900,3501
HH07,19,State - WEST BENGAL (19),Total,11+,238458,45487,148526,32311,84286,11850,953,285,207,56,642,190,323,83,3152,610
HH07,19,State - WEST BENGAL (19),Total,Mean household size,4.6,3.8,4.4,3.8,4.9,3.8,4.6,3.9,4.6,4.4,4.7,4.3,5.1,5.1,4.9,3.8
HH07,19,State - WEST BENGAL (19),Rural,Total,12224452,1567522,8271625,1097668,3655602,410125,87936,18472,1880,290,32175,7539,1997,239,162609,31263
HH07,19,State - WEST BENGAL (19),Rural,1,140447,337676,103564,227281,31558,100899,1583,1954,50,55,684,572,33,44,2285,6345
HH07,19,State - WEST BENGAL (19),Rural,2,914782,269007,624288,190424,269680,69420,5942,2801,164,44,2060,1109,129,44,11612,4859
HH07,19,State - WEST BENGAL (19),Rural,3-6,9618149,802870,6639409,570731,2754168,198377,68422,11668,1444,155,24248,4841,1481,107,121310,16157
HH07,19,State - WEST BENGAL (19),Rural,7-10,1396919,135110,807603,92785,547132,35878,11317,1895,201,31,4805,924,283,35,24362,3330
HH07,19,State - WEST BENGAL (19),Rural,11+,154155,22859,96761,16447,53064,5551,672,154,21,5,378,93,71,9,3040,572
HH07,19,State - WEST BENGAL (19),Rural,Mean household size,4.6,3.6,4.5,3.6,4.8,3.5,4.7,4.0,4.4,3.8,4.7,4.2,5.0,4.1,4.9,3.8
HH07,19,State - WEST BENGAL (19),Urban,Total,5498783,1047762,4510465,891787,906595,135381,30583,8659,9691,1754,15712,4853,8390,1232,4106,938
HH07,19,State - WEST BENGAL (19),Urban,1,129916,128082,112747,110965,14468,14768,868,1143,244,139,383,350,111,98,126,96
HH07,19,State - WEST BENGAL (19),Urban,2,456090,173584,402036,154094,47208,16241,2889,1547,666,236,1092,681,547,128,312,137
HH07,19,State - WEST BENGAL (19),Urban,3-6,4184453,590225,3503726,506129,620074,72393,23787,4984,7316,1053,11693,3005,6054,674,3018,496
HH07,19,State - WEST BENGAL (19),Urban,7-10,644021,133243,440191,104735,193623,25680,2758,854,1279,275,2280,720,1426,258,538,171
HH07,19,State - WEST BENGAL (19),Urban,11+,84303,22628,51765,15864,31222,6299,281,131,186,51,264,97,252,74,112,38
HH07,19,State - WEST BENGAL (19),Urban,Mean household size,4.5,4.1,4.3,4.0,5.3,4.8,4.2,3.9,4.7,4.5,4.7,4.4,5.2,5.2,4.8,4.6
HH07,20,State - JHARKHAND (20),Total,Total,5561363,681905,3866647,435601,741108,76483,230242,45715,12235,1972,1236,203,2422,283,701675,120497
HH07,20,State - JHARKHAND (20),Total,1,91339,96952,65587,63038,7256,8616,4629,5775,218,139,41,33,47,34,13095,19012
HH07,20,State - JHARKHAND (20),Total,2,398324,91486,284349,57254,42510,8994,16848,6593,808,255,110,27,143,29,52987,18166
HH07,20,State - JHARKHAND (20),Total,3-6,3649765,373049,2609545,238910,427364,39738,150176,26662,9116,1179,843,109,1670,145,447581,65815
HH07,20,State - JHARKHAND (20),Total,7-10,1237254,98271,785367,61294,223322,14918,53559,5959,1787,308,227,28,418,53,171417,15544
HH07,20,State - JHARKHAND (20),Total,11+,184681,22147,121799,15105,40656,4217,5030,726,306,91,15,6,144,22,16595,1960
HH07,20,State - JHARKHAND (20),Total,Mean household size,5.4,4.4,5.3,4.4,6.0,5.0,5.2,4.1,4.9,4.8,4.9,4.2,5.4,5.4,5.3,4.0
HH07,20,State - JHARKHAND (20),Rural,Total,4211258,511150,2831510,315264,535307,52850,194298,34484,875,114,739,106,596,74,643120,107297
HH07,20,State - JHARKHAND (20),Rural,1,57029,80582,37650,51229,3873,6920,3463,4640,21,14,14,22,33,20,11624,17476
HH07,20,State - JHARKHAND (20),Rural,2,315460,70591,218507,42483,33299,6625,14289,4976,84,18,69,9,35,11,48688,16326
HH07,20,State - JHARKHAND (20),Rural,3-6,2721401,274338,1883079,169334,304626,27039,123382,19609,593,60,477,54,396,32,405990,57805
HH07,20,State - JHARKHAND (20),Rural,7-10,978719,70639,603369,42200,164212,9661,48571,4685,144,20,168,20,105,10,161148,13908
HH07,20,State - JHARKHAND (20),Rural,11+,138649,15000,88905,10018,29297,2605,4593,574,33,2,11,1,27,1,15670,1782
HH07,20,State - JHARKHAND (20),Rural,Mean household size,5.4,4.2,5.3,4.2,6.0,4.8,5.3,4.1,5.0,4.4,5.2,4.2,5.1,3.7,5.4,4.0
HH07,20,State - JHARKHAND (20),Urban,Total,1350105,170755,1035137,120337,205801,23633,35944,11231,11360,1858,497,97,1826,209,58555,13200
HH07,20,State - JHARKHAND (20),Urban,1,34310,16370,27937,11809,3383,1696,1166,1135,197,125,27,11,14,14,1471,1536
HH07,20,State - JHARKHAND (20),Urban,2,82864,20895,65842,14771,9211,2369,2559,1617,724,237,41,18,108,18,4299,1840
HH07,20,State - JHARKHAND (20),Urban,3-6,928364,98711,726466,69576,122738,12699,26794,7053,8523,1119,366,55,1274,113,41591,8010
HH07,20,State - JHARKHAND (20),Urban,7-10,258535,27632,181998,19094,59110,5257,4988,1274,1643,288,59,8,313,43,10269,1636
HH07,20,State - JHARKHAND (20),Urban,11+,46032,7147,32894,5087,11359,1612,437,152,273,89,4,5,117,21,925,178
HH07,20,State - JHARKHAND (20),Urban,Mean household size,5.2,4.7,5.1,4.7,5.9,5.4,4.7,4.1,4.9,4.8,4.4,4.1,5.5,6.1,5.0,4.1
HH07,21,State - ODISHA (21),Total,Total,8413890,1202073,7937999,1120883,156940,26645,216316,34098,4114,615,2554,374,1704,129,85944,17436
HH07,21,State - ODISHA (21),Total,1,186783,268846,175483,253908,3557,3451,4714,6638,129,81,95,72,28,23,2005,4017
HH07,21,State - ODISHA (21),Total,2,920981,232363,875724,217758,11692,4224,23132,6755,328,85,252,73,127,18,8664,3108
HH07,21,State - ODISHA (21),Total,3-6,6325928,613074,5991952,569991,107612,14952,154532,17987,3095,358,1929,190,1237,68,60097,8767
HH07,21,State - ODISHA (21),Total,7-10,909448,76005,830535,68572,30028,3285,32563,2487,486,78,260,35,260,16,14378,1423
HH07,21,State - ODISHA (21),Total,11+,70750,11785,64305,10654,4051,733,1375,231,76,13,18,4,52,4,800,121
HH07,21,State - ODISHA (21),Total,Mean household size,4.5,3.3,4.4,3.3,5.1,4.2,4.6,3.4,4.6,4.1,4.4,3.6,5.0,4.2,4.8,3.4
HH07,21,State - ODISHA (21),Rural,Total,7074153,1001038,6710227,938852,87858,16373,182622,26900,986,158,2180,323,575,49,83092,16851
HH07,21,State - ODISHA (21),Rural,1,143045,239781,135058,227314,1760,2379,3563,5494,50,40,79,68,11,12,1919,3922
HH07,21,State - ODISHA (21),Rural,2,811227,198612,774136,186947,7403,2844,19925,5393,111,38,229,66,59,12,8440,3025
HH07,21,State - ODISHA (21),Rural,3-6,5306960,499976,5052117,467540,60790,9221,128986,13958,736,68,1631,156,416,20,57959,8408
HH07,21,State - ODISHA (21),Rural,7-10,763222,55686,702767,50622,16320,1658,29020,1901,84,12,228,30,81,5,14006,1379
HH07,21,State - ODISHA (21),Rural,11+,49699,6983,46149,6429,1585,271,1128,154,5,0,13,3,8,0,768,117
HH07,21,State - ODISHA (21),Rural,Mean household size,4.4,3.2,4.4,3.2,5.0,3.9,4.7,3.4,4.2,3.0,4.4,3.5,4.6,3.2,4.8,3.4
HH07,21,State - ODISHA (21),Urban,Total,1339737,201035,1227772,182031,69082,10272,33694,7198,3128,457,374,51,1129,80,2852,585
HH07,21,State - ODISHA (21),Urban,1,43738,29065,40425,26594,1797,1072,1151,1144,79,41,16,4,17,11,86,95
HH07,21,State - ODISHA (21),Urban,2,109754,33751,101588,30811,4289,1380,3207,1362,217,47,23,7,68,6,224,83
HH07,21,State - ODISHA (21),Urban,3-6,1018968,113098,939835,102451,46822,5731,25546,4029,2359,290,298,34,821,48,2138,359
HH07,21,State - ODISHA (21),Urban,7-10,146226,20319,127768,17950,13708,1627,3543,586,402,66,32,5,179,11,372,44
HH07,21,State - ODISHA (21),Urban,11+,21051,4802,18156,4225,2466,462,247,77,71,13,5,1,44,4,32,4
HH07,21,State - ODISHA (21),Urban,Mean household size,4.5,4.0,4.5,4.0,5.2,4.7,4.4,3.7,4.8,4.5,4.5,4.3,5.2,4.9,4.6,3.6
HH07,22,State - CHHATTISGARH (22),Total,Total,4906004,734616,4591641,683660,91042,14409,93589,16017,12907,1906,13584,3109,10224,1099,90603,13871
HH07,22,State - CHHATTISGARH (22),Total,1,136886,213684,127587,202906,2783,2693,2981,3629,299,187,436,716,162,104,1854,3209
HH07,22,State - CHHATTISGARH (22),Total,2,580603,128344,549694,119647,7691,2298,10688,3003,926,294,1472,583,675,117,9197,2301
HH07,22,State - CHHATTISGARH (22),Total,3-6,3420929,332265,3199641,305992,62886,7333,67583,8407,9821,1117,10473,1588,7096,557,62329,7098
HH07,22,State - CHHATTISGARH (22),Total,7-10,694805,52272,646887,47856,15275,1677,11818,892,1581,245,1123,199,1673,209,16201,1168
HH07,22,State - CHHATTISGARH (22),Total,11+,72781,8051,67832,7259,2407,408,519,86,280,63,80,23,618,112,1022,95
HH07,22,State - CHHATTISGARH (22),Total,Mean household size,4.7,3.2,4.7,3.2,5.0,4.0,4.5,3.2,4.8,4.3,4.3,3.3,5.4,5.6,4.9,3.5
HH07,22,State - CHHATTISGARH (22),Rural,Total,3802328,556375,3607470,526643,30069,4653,68171,9976,1105,152,4806,1103,1084,108,87593,13289
HH07,22,State - CHHATTISGARH (22),Rural,1,102845,179828,97001,172198,1142,1376,1923,2519,61,40,202,375,49,24,1775,3093
HH07,22,State - CHHATTISGARH (22),Rural,2,481651,98654,460083,93293,3470,903,8038,1908,125,32,675,216,109,11,8927,2203
HH07,22,State - CHHATTISGARH (22),Rural,3-6,2611995,238796,2477464,224256,20477,2035,48088,5003,772,64,3457,458,687,56,60151,6785
HH07,22,State - CHHATTISGARH (22),Rural,7-10,554446,34803,523384,32782,4620,300,9757,509,121,12,443,49,178,12,15739,1121
HH07,22,State - CHHATTISGARH (22),Rural,11+,51391,4294,49538,4114,360,39,365,37,26,4,29,5,61,5,1001,87
HH07,22,State - CHHATTISGARH (22),Rural,Mean household size,4.7,3.0,4.7,3.0,4.7,3.1,4.6,3.1,4.5,3.4,4.3,2.8,5.2,4.2,4.9,3.5
HH07,22,State - CHHATTISGARH (22),Urban,Total,1103676,178241,984171,157017,60973,9756,25418,6041,11802,1754,8778,2006,9140,991,3010,582
HH07,22,State - CHHATTISGARH (22),Urban,1,34041,33856,30586,30708,1641,1317,1058,1110,238,147,234,341,113,80,79,116
HH07,22,State - CHHATTISGARH (22),Urban,2,98952,29690,89611,26354,4221,1395,2650,1095,801,262,797,367,566,106,270,98
HH07,22,State - CHHATTISGARH (22),Urban,3-6,808934,93469,722177,81736,42409,5298,19495,3404,9049,1053,7016,1130,6409,501,2178,313
HH07,22,State - CHHATTISGARH (22),Urban,7-10,140359,17469,123503,15074,10655,1377,2061,383,1460,233,680,150,1495,197,462,47
HH07,22,State - CHHATTISGARH (22),Urban,11+,21390,3757,18294,3145,2047,369,154,49,254,59,51,18,557,107,21,8
HH07,22,State - CHHATTISGARH (22),Urban,Mean household size,4.7,3.8,4.7,3.7,5.1,4.4,4.2,3.4,4.8,4.4,4.4,3.5,5.4,5.7,4.7,3.6
HH07,23,State - MADHYA PRADESH (23),Total,Total,13553764,1503764,12440388,1351321,773529,100537,39963,8488,27929,3500,42366,8574,104594,11619,118111,18529
HH07,23,State - MADHYA PRADESH (23),Total,1,370465,349951,347228,323265,13598,15318,1614,1739,689,393,1526,2366,2001,1813,2718,4624
HH07,23,State - MADHYA PRADESH (23),Total,2,1348692,227213,1260660,205804,53183,12448,4026,1493,2330,517,4897,1628,8777,1534,14005,3600
HH07,23,State - MADHYA PRADESH (23),Total,3-6,9286946,749988,8545238,672929,494513,50545,29274,4463,20406,2059,31338,4120,76742,6215,85537,9197
HH07,23,State - MADHYA PRADESH (23),Total,7-10,2271159,149072,2049296,127773,178541,17003,4592,691,3921,431,4294,412,14128,1596,15413,1069
HH07,23,State - MADHYA PRADESH (23),Total,11+,276502,27540,237966,21550,33694,5223,457,102,583,100,311,48,2946,461,438,39
HH07,23,State - MADHYA PRADESH (23),Total,Mean household size,4.9,3.7,4.9,3.6,5.5,4.7,4.5,3.5,4.8,4.3,4.4,3.1,4.9,4.4,4.6,3.2
HH07,23,State - MADHYA PRADESH (23),Rural,Total,10051189,1009563,9556911,948522,296052,30801,16081,2765,10666,746,26935,5627,22588,2061,116828,18229
HH07,23,State - MADHYA PRADESH (23),Rural,1,277271,284640,264681,268688,6268,7769,577,638,306,127,1054,1907,821,617,2653,4565
HH07,23,State - MADHYA PRADESH (23),Rural,2,1096344,161223,1045846,150768,27141,4762,1568,459,991,119,3584,1106,2683,314,13896,3556
HH07,23,State - MADHYA PRADESH (23),Rural,3-6,6804896,473835,6476192,445012,187279,14309,10849,1396,7290,427,19611,2413,16260,966,84598,9027
HH07,23,State - MADHYA PRADESH (23),Rural,7-10,1699208,79764,1606941,74633,66541,3393,2822,242,1853,67,2554,191,2532,141,15256,1047
HH07,23,State - MADHYA PRADESH (23),Rural,11+,173470,10101,163251,9421,8823,568,265,30,226,6,132,10,292,23,425,34
HH07,23,State - MADHYA PRADESH (23),Rural,Mean household size,4.9,3.3,4.9,3.3,5.3,3.7,4.9,3.5,5.0,3.7,4.3,2.8,4.5,3.2,4.6,3.2
HH07,23,State - MADHYA PRADESH (23),Urban,Total,3502575,494201,2883477,402799,477477,69736,23882,5723,17263,2754,15431,2947,82006,9558,1283,300
HH07,23,State - MADHYA PRADESH (23),Urban,1,93194,65311,82547,54577,7330,7549,1037,1101,383,266,472,459,1180,1196,65,59
HH07,23,State - MADHYA PRADESH (23),Urban,2,252348,65990,214814,55036,26042,7686,2458,1034,1339,398,1313,522,6094,1220,109,44
HH07,23,State - MADHYA PRADESH (23),Urban,3-6,2482050,276153,2069046,227917,307234,36236,18425,3067,13116,1632,11727,1707,60482,5249,939,170
HH07,23,State - MADHYA PRADESH (23),Urban,7-10,571951,69308,442355,53140,112000,13610,1770,449,2068,364,1740,221,11596,1455,157,22
HH07,23,State - MADHYA PRADESH (23),Urban,11+,103032,17439,74715,12129,24871,4655,192,72,357,94,179,38,2654,438,13,5
HH07,23,State - MADHYA PRADESH (23),Urban,Mean household size,5.0,4.4,5.0,4.3,5.7,5.1,4.2,3.5,4.7,4.4,4.6,3.7,5.0,4.6,4.5,3.6
HH07,24,State - GUJARAT (24),Total,Total,10995053,1235200,9820092,1073027,965433,131611,61693,10681,11255,1256,5865,661,117171,15575,3678,838
HH07,24,State - GUJARAT (24),Total,1,229014,244303,207818,215931,15351,21257,1886,1985,333,166,146,95,2556,4183,365,356
HH07,24,State - GUJARAT (24),Total,2,943036,165689,854988,145983,65452,15034,6332,1706,1061,173,508,108,13044,2294,694,168
HH07,24,State - GUJARAT (24),Total,3-6,7633023,649843,6831791,567593,645733,66531,45822,5959,8142,708,4318,371,88421,7615,2315,283
HH07,24,State - GUJARAT (24),Total,7-10,1929231,148715,1704813,123372,201328,22656,7056,922,1507,182,804,75,11791,1296,280,27
HH07,24,State - GUJARAT (24),Total,11+,260749,26650,220682,20148,37569,6133,597,109,212,27,89,12,1359,187,24,4
HH07,24,State - GUJARAT (24),Total,Mean household size,5.0,4.0,5.0,3.9,5.4,4.6,4.5,3.7,4.7,4.3,4.8,4.1,4.5,3.5,3.8,2.5
HH07,24,State - GUJARAT (24),Rural,Total,6096868,668345,5707112,619387,341276,40998,29253,4627,2331,167,1223,141,9665,2113,1018,165
HH07,24,State - GUJARAT (24),Rural,1,113300,157345,106071,145849,5428,9157,697,854,95,30,33,38,651,1185,73,56
HH07,24,State - GUJARAT (24),Rural,2,537190,88725,505689,82592,25198,5034,3034,618,289,20,112,18,2258,316,123,20
HH07,24,State - GUJARAT (24),Rural,3-6,4002809,333134,3750685,310174,220088,19228,20221,2637,1580,80,848,74,5659,504,629,72
HH07,24,State - GUJARAT (24),Rural,7-10,1271829,76246,1186653,69414,77618,6137,4874,463,325,32,209,11,959,87,176,14
HH07,24,State - GUJARAT (24),Rural,11+,171740,12895,158014,11358,12944,1442,427,55,42,5,21,0,138,21,17,3
HH07,24,State - GUJARAT (24),Rural,Mean household size,5.2,3.8,5.2,3.8,5.5,4.2,4.9,3.9,4.6,4.4,5.0,3.4,4.1,2.3,4.6,3.3
HH07,24,State - GUJARAT (24),Urban,Total,4898185,566855,4112980,453640,624157,90613,32440,6054,8924,1089,4642,520,107506,13462,2660,673
HH07,24,State - GUJARAT (24),Urban,1,115714,86958,101747,70082,9923,12100,1189,1131,238,136,113,57,1905,2998,292,300
HH07,24,State - GUJARAT (24),Urban,2,405846,76964,349299,63391,40254,10000,3298,1088,772,153,396,90,10786,1978,571,148
HH07,24,State - GUJARAT (24),Urban,3-6,3630214,316709,3081106,257419,425645,47303,25601,3322,6562,628,3470,297,82762,7111,1686,211
HH07,24,State - GUJARAT (24),Urban,7-10,657402,72469,518160,53958,123710,16519,2182,459,1182,150,595,64,10832,1209,104,13
HH07,24,State - GUJARAT (24),Urban,11+,89009,13755,62668,8790,24625,4691,170,54,170,22,68,12,1221,166,7,1
HH07,24,State - GUJARAT (24),Urban,Mean household size,4.7,4.2,4.7,4.1,5.4,4.9,4.1,3.5,4.7,4.3,4.7,4.2,4.5,3.7,3.4,2.3
HH07,25,Union Territory - DAMAN & DIU (25),Total,Total,53445,7455,48732,6686,3830,525,621,220,42,2,60,1,62,7,23,5
HH07,25,Union Territory - DAMAN & DIU (25),Total,1,3757,1124,3506,983,191,90,39,46,1,1,4,0,2,1,3,1
HH07,25,Union Territory - DAMAN & DIU (25),Total,2,8923,999,8236,880,509,72,138,43,3,0,14,0,8,1,8,2
HH07,25,Union Territory - DAMAN & DIU (25),Total,3-6,36202,4110,32970,3721,2619,261,431,117,34,1,38,1,47,4,11,2
HH07,25,Union Territory - DAMAN & DIU (25),Total,7-10,4062,983,3587,891,446,75,11,13,4,0,4,0,4,1,1,0
HH07,25,Union Territory - DAMAN & DIU (25),Total,11+,501,239,433,211,65,27,2,1,0,0,0,0,1,0,0,0
HH07,25,Union Territory - DAMAN & DIU (25),Total,Mean household size,3.9,4.3,3.9,4.3,4.4,4.5,3.4,3.3,4.1,2.5,3.5,4.0,4.2,3.7,2.8,2.2
HH07,25,Union Territory - DAMAN & DIU (25),Rural,Total,10341,2390,9770,2299,516,83,40,6,1,0,1,0,1,0,2,0
HH07,25,Union Territory - DAMAN & DIU (25),Rural,1,440,421,394,404,42,17,4,0,0,0,0,0,0,0,0,0
HH07,25,Union Territory - DAMAN & DIU (25),Rural,2,1081,291,993,276,73,13,13,2,0,0,1,0,1,0,0,0
HH07,25,Union Territory - DAMAN & DIU (25),Rural,3-6,6998,1244,6641,1203,324,37,23,3,1,0,0,0,0,0,1,0
HH07,25,Union Territory - DAMAN & DIU (25),Rural,7-10,1602,346,1536,332,63,12,0,1,0,0,0,0,0,0,1,0
HH07,25,Union Territory - DAMAN & DIU (25),Rural,11+,220,88,206,84,14,4,0,0,0,0,0,0,0,0,0,0
HH07,25,Union Territory - DAMAN & DIU (25),Rural,Mean household size,4.8,4.3,4.8,4.3,4.4,4.2,2.9,4.5,4.0,0.0,2.0,0.0,2.0,0.0,5.5,0.0
HH07,25,Union Territory - DAMAN & DIU (25),Urban,Total,43104,5065,38962,4387,3314,442,581,214,41,2,59,1,61,7,21,5
HH07,25,Union Territory - DAMAN & DIU (25),Urban,1,3317,703,3112,579,149,73,35,46,1,1,4,0,2,1,3,1
HH07,25,Union Territory - DAMAN & DIU (25),Urban,2,7842,708,7243,604,436,59,125,41,3,0,13,0,7,1,8,2
HH07,25,Union Territory - DAMAN & DIU (25),Urban,3-6,29204,2866,26329,2518,2295,224,408,114,33,1,38,1,47,4,10,2
HH07,25,Union Territory - DAMAN & DIU (25),Urban,7-10,2460,637,2051,559,383,63,11,12,4,0,4,0,4,1,0,0
HH07,25,Union Territory - DAMAN & DIU (25),Urban,11+,281,151,227,127,51,23,2,1,0,0,0,0,1,0,0,0
HH07,25,Union Territory - DAMAN & DIU (25),Urban,Mean household size,3.7,4.2,3.7,4.3,4.4,4.5,3.4,3.2,4.1,2.5,3.5,4.0,4.3,3.7,2.6,2.2
HH07,26,Union Territory - DADRA & NAGAR HAVELI (26),Total,Total,72049,4288,67782,4034,2684,124,980,107,58,2,168,3,273,11,19,2
HH07,26,Union Territory - DADRA & NAGAR HAVELI (26),Total,1,3701,585,3499,550,150,14,31,14,5,0,5,1,8,5,0,0
HH07,26,Union Territory - DADRA & NAGAR HAVELI (26),Total,2,9007,593,8513,550,320,12,106,26,11,1,29,1,20,1,2,1
HH07,26,Union Territory - DADRA & NAGAR HAVELI (26),Total,3-6,47858,2437,44936,2291,1777,76,687,61,40,1,125,1,219,4,15,0
HH07,26,Union Territory - DADRA & NAGAR HAVELI (26),Total,7-10,10433,604,9869,578,373,20,141,5,2,0,9,0,23,1,1,0
HH07,26,Union Territory - DADRA & NAGAR HAVELI (26),Total,11+,1050,69,965,65,64,2,15,1,0,0,0,0,3,0,1,1
HH07,26,Union Territory - DADRA & NAGAR HAVELI (26),Total,Mean household size,4.5,4.2,4.5,4.2,4.6,4.4,4.6,3.4,3.6,3.5,3.8,2.0,4.2,3.0,5.1,6.5
HH07,26,Union Territory - DADRA & NAGAR HAVELI (26),Rural,Total,33556,2451,32301,2364,701,43,445,41,12,0,24,0,17,1,8,2
HH07,26,Union Territory - DADRA & NAGAR HAVELI (26),Rural,1,1323,348,1271,339,39,3,9,5,2,0,2,0,0,1,0,0
HH07,26,Union Territory - DADRA & NAGAR HAVELI (26),Rural,2,3554,306,3416,291,91,6,33,8,1,0,7,0,5,0,1,1
HH07,26,Union Territory - DADRA & NAGAR HAVELI (26),Rural,3-6,20339,1347,19546,1297,453,28,267,22,9,0,15,0,12,0,5,0
HH07,26,Union Territory - DADRA & NAGAR HAVELI (26),Rural,7-10,7610,412,7370,401,103,6,122,5,0,0,0,0,0,0,1,0
HH07,26,Union Territory - DADRA & NAGAR HAVELI (26),Rural,11+,730,38,698,36,15,0,14,1,0,0,0,0,0,0,1,1
HH07,26,Union Territory - DADRA & NAGAR HAVELI (26),Rural,Mean household size,5.1,4.3,5.1,4.3,4.7,4.4,5.7,4.2,3.0,0.0,3.3,0.0,3.2,1.0,6.5,6.5
HH07,26,Union Territory - DADRA & NAGAR HAVELI (26),Urban,Total,38493,1837,35481,1670,1983,81,535,66,46,2,144,3,256,10,11,0
HH07,26,Union Territory - DADRA & NAGAR HAVELI (26),Urban,1,2378,237,2228,211,111,11,22,9,3,0,3,1,8,4,0,0
HH07,26,Union Territory - DADRA & NAGAR HAVELI (26),Urban,2,5453,287,5097,259,229,6,73,18,10,1,22,1,15,1,1,0
HH07,26,Union Territory - DADRA & NAGAR HAVELI (26),Urban,3-6,27519,1090,25390,994,1324,48,420,39,31,1,110,1,207,4,10,0
HH07,26,Union Territory - DADRA & NAGAR HAVELI (26),Urban,7-10,2823,192,2499,177,270,14,19,0,2,0,9,0,23,1,0,0
HH07,26,Union Territory - DADRA & NAGAR HAVELI (26),Urban,11+,320,31,267,29,49,2,1,0,0,0,0,0,3,0,0,0
HH07,26,Union Territory - DADRA & NAGAR HAVELI (26),Urban,Mean household size,4.0,3.9,3.9,4.0,4.6,4.4,3.7,2.9,3.7,3.5,3.9,2.0,4.3,3.2,4.1,0.0
HH07,27,State - MAHARASHTRA (27),Total,Total,21217873,3136214,17275125,2477010,2089859,307493,216624,57982,42956,7259,1243498,232647,269127,37490,37132,8739
HH07,27,State - MAHARASHTRA (27),Total,1,424541,641841,342894,533861,38423,38915,8230,10352,1384,965,24483,47252,3952,6006,2013,2388
HH07,27,State - MAHARASHTRA (27),Total,2,1975998,510513,1650351,413707,137735,37734,25069,11654,4231,1178,125316,37382,22777,5702,5872,1915
HH07,27,State - MAHARASHTRA (27),Total,3-6,15748836,1671536,12956651,1313946,1376752,165372,168508,31776,32234,4310,951164,127335,207810,21274,25876,4000
HH07,27,State - MAHARASHTRA (27),Total,7-10,2685876,263711,2053472,185487,445610,50733,13307,3659,4494,683,130464,18352,30082,3821,3144,387
HH07,27,State - MAHARASHTRA (27),Total,11+,382622,48613,271757,30009,91339,14739,1510,541,613,123,12071,2326,4506,687,227,49
HH07,27,State - MAHARASHTRA (27),Total,Mean household size,4.7,3.6,4.6,3.5,5.5,4.7,4.0,3.4,4.5,3.9,4.5,3.5,4.6,3.9,4.1,3.0
HH07,27,State - MAHARASHTRA (27),Rural,Total,11540019,1646629,10140105,1425041,596308,82735,23024,5195,5203,755,679096,118870,50975,6844,18172,2683
HH07,27,State - MAHARASHTRA (27),Rural,1,176769,444391,151074,386834,7913,17147,835,1337,207,180,14430,35233,766,1675,405,614
HH07,27,State - MAHARASHTRA (27),Rural,2,1138502,276703,994505,239708,47170,12323,2777,891,610,132,84135,21223,4309,1202,2067,464
HH07,27,State - MAHARASHTRA (27),Rural,3-6,8408914,800135,7406948,692306,404024,42160,16799,2590,3651,380,507004,55979,37953,3325,13448,1413
HH07,27,State - MAHARASHTRA (27),Rural,7-10,1603650,108230,1401639,91881,118220,9117,2349,326,658,58,68210,5812,6830,544,2133,176
HH07,27,State - MAHARASHTRA (27),Rural,11+,212184,17170,185939,14312,18981,1988,264,51,77,5,5317,623,1117,98,119,16
HH07,27,State - MAHARASHTRA (27),Rural,Mean household size,4.8,3.3,4.8,3.2,5.3,3.9,4.4,3.3,4.6,3.4,4.5,3.0,4.8,3.4,4.5,3.3
HH07,27,State - MAHARASHTRA (27),Urban,Total,9677854,1489585,7135020,1051969,1493551,224758,193600,52787,37753,6504,564402,113777,218152,30646,18960,6056
HH07,27,State - MAHARASHTRA (27),Urban,1,247772,197450,191820,147027,30510,21768,7395,9015,1177,785,10053,12019,3186,4331,1608,1774
HH07,27,State - MAHARASHTRA (27),Urban,2,837496,233810,655846,173999,90565,25411,22292,10763,3621,1046,41181,16159,18468,4500,3805,1451
HH07,27,State - MAHARASHTRA (27),Urban,3-6,7339922,871401,5549703,621640,972728,123212,151709,29186,28583,3930,444160,71356,169857,17949,12428,2587
HH07,27,State - MAHARASHTRA (27),Urban,7-10,1082226,155481,651833,93606,327390,41616,10958,3333,3836,625,62254,12540,23252,3277,1011,211
HH07,27,State - MAHARASHTRA (27),Urban,11+,170438,31443,85818,15697,72358,12751,1246,490,536,118,6754,1703,3389,589,108,33
HH07,27,State - MAHARASHTRA (27),Urban,Mean household size,4.6,4.0,4.4,3.8,5.5,5.0,4.0,3.4,4.4,4.0,4.6,4.1,4.6,4.1,3.6,2.8
HH07,28,State - ANDHRA PRADESH (28),Total,Total,17842713,3127287,16045535,2798676,1481910,263390,243640,52530,7960,1123,7100,1065,9466,808,1850,413
HH07,28,State - ANDHRA PRADESH (28),Total,1,275500,874851,252843,814059,15378,43257,5211,14535,136,154,125,210,112,100,74,115
HH07,28,State - ANDHRA PRADESH (28),Total,2,2332625,607120,2157825,555511,131588,38782,35021,10588,855,181,711,202,703,92,273,80
HH07,28,State - ANDHRA PRADESH (28),Total,3-6,14042111,1488408,12664490,1308287,1131326,148414,191699,25281,6057,667,5571,579,7188,451,1388,196
HH07,28,State - ANDHRA PRADESH (28),Total,7-10,1101561,138280,904543,108117,180178,27392,10893,1923,813,103,641,66,1202,123,101,18
HH07,28,State - ANDHRA PRADESH (28),Total,11+,90916,18628,65834,12702,23440,5545,816,203,99,18,52,8,261,42,14,4
HH07,28,State - ANDHRA PRADESH (28),Total,Mean household size,4.1,3.0,4.1,2.9,4.7,4.0,4.0,2.9,4.5,3.9,4.5,3.4,4.9,4.8,4.0,3.0
HH07,28,State - ANDHRA PRADESH (28),Rural,Total,11992596,2217455,11289789,2082448,559275,102462,110361,25640,1769,281,4529,722,545,73,652,157
HH07,28,State - ANDHRA PRADESH (28),Rural,1,197119,704832,186624,668105,6952,25592,2668,9068,30,64,62,158,10,28,20,54
HH07,28,State - ANDHRA PRADESH (28),Rural,2,1680919,435216,1595622,411505,62481,17260,18397,5123,255,49,476,150,63,12,101,31
HH07,28,State - ANDHRA PRADESH (28),Rural,3-6,9324106,984470,8782468,918874,432562,51786,83925,10684,1287,147,3530,372,420,28,498,64
HH07,28,State - ANDHRA PRADESH (28),Rural,7-10,737435,83325,677542,75452,52301,6824,5077,711,179,21,435,39,47,4,29,8
HH07,28,State - ANDHRA PRADESH (28),Rural,11+,53017,9612,47533,8512,4979,1000,294,54,18,0,26,3,5,1,4,0
HH07,28,State - ANDHRA PRADESH (28),Rural,Mean household size,4.1,2.8,4.1,2.8,4.4,3.3,3.9,2.6,4.4,3.4,4.5,3.2,4.4,3.0,4.0,2.8
HH07,28,State - ANDHRA PRADESH (28),Urban,Total,5850117,909832,4755746,716228,922635,160928,133279,26890,6191,842,2571,343,8921,735,1198,256
HH07,28,State - ANDHRA PRADESH (28),Urban,1,78381,170019,66219,145954,8426,17665,2543,5467,106,90,63,52,102,72,54,61
HH07,28,State - ANDHRA PRADESH (28),Urban,2,651706,171904,562203,144006,69107,21522,16624,5465,600,132,235,52,640,80,172,49
HH07,28,State - ANDHRA PRADESH (28),Urban,3-6,4718005,503938,3882022,389413,698764,96628,107774,14597,4770,520,2041,207,6768,423,890,132
HH07,28,State - ANDHRA PRADESH (28),Urban,7-10,364126,54955,227001,32665,127877,20568,5816,1212,634,82,206,27,1155,119,72,10
HH07,28,State - ANDHRA PRADESH (28),Urban,11+,37899,9016,18301,4190,18461,4545,522,149,81,18,26,5,256,41,10,4
HH07,28,State - ANDHRA PRADESH (28),Urban,Mean household size,4.2,3.4,4.1,3.2,4.9,4.4,4.0,3.2,4.5,4.1,4.4,3.8,4.9,4.9,4.0,3.2
HH07,29,State - KARNATAKA (29),Total,Total,11053600,2268615,9441956,1956437,1269194,233338,224519,58463,6365,918,12880,3203,81106,11780,1934,457
HH07,29,State - KARNATAKA (29),Total,1,203190,381152,177725,340639,14706,27385,8077,9237,300,150,548,516,1198,2339,56,72
HH07,29,State - KARNATAKA (29),Total,2,983592,376752,873369,333125,73354,28574,26888,11584,807,153,1072,443,6561,2144,186,71
HH07,29,State - KARNATAKA (29),Total,3-6,8307666,1231711,7149942,1059518,896984,128624,174300,33207,4585,519,8398,1713,60788,5868,1414,242
HH07,29,State - KARNATAKA (29),Total,7-10,1329322,231928,1059736,187231,239666,38580,14032,3948,590,74,2500,447,10410,1141,235,61
HH07,29,State - KARNATAKA (29),Total,11+,229830,47072,181184,35924,44484,10175,1222,487,83,22,362,84,2149,288,43,11
HH07,29,State - KARNATAKA (29),Total,Mean household size,4.7,3.9,4.6,3.8,5.3,4.7,4.1,3.5,4.2,3.8,5.1,4.2,4.8,3.7,4.6,4.2
HH07,29,State - KARNATAKA (29),Rural,Total,6493840,1438933,5925789,1319173,450634,89913,58208,18152,1437,246,8948,2414,40060,6688,836,201
HH07,29,State - KARNATAKA (29),Rural,1,97376,275220,88133,255027,5292,14322,2630,3188,66,51,371,426,612,1654,18,30
HH07,29,State - KARNATAKA (29),Rural,2,530954,236220,491413,218790,27361,11890,7195,3536,120,26,703,308,3390,1273,85,31
HH07,29,State - KARNATAKA (29),Rural,3-6,4787280,753039,4397264,690358,304425,46846,43245,10171,1019,136,5623,1281,29540,3137,587,111
HH07,29,State - KARNATAKA (29),Rural,7-10,909179,144569,801183,128919,94491,13410,4648,1117,190,24,1963,343,5354,511,121,25
HH07,29,State - KARNATAKA (29),Rural,11+,169051,29885,147796,26079,19065,3445,490,140,42,9,288,56,1164,113,25,4
HH07,29,State - KARNATAKA (29),Rural,Mean household size,4.9,3.8,4.9,3.8,5.5,4.4,4.2,3.4,4.8,4.1,5.3,4.1,4.9,3.4,4.8,4.1
HH07,29,State - KARNATAKA (29),Urban,Total,4559760,829682,3516167,637264,818560,143425,166311,40311,4928,672,3932,789,41046,5092,1098,256
HH07,29,State - KARNATAKA (29),Urban,1,105814,105932,89592,85612,9414,13063,5447,6049,234,99,177,90,586,685,38,42
HH07,29,State - KARNATAKA (29),Urban,2,452638,140532,381956,114335,45993,16684,19693,8048,687,127,369,135,3171,871,101,40
HH07,29,State - KARNATAKA (29),Urban,3-6,3520386,478672,2752678,369160,592559,81778,131055,23036,3566,383,2775,432,31248,2731,827,131
HH07,29,State - KARNATAKA (29),Urban,7-10,420143,87359,258553,58312,145175,25170,9384,2831,400,50,537,104,5056,630,114,36
HH07,29,State - KARNATAKA (29),Urban,11+,60779,17187,33388,9845,25419,6730,732,347,41,13,74,28,985,175,18,7
HH07,29,State - KARNATAKA (29),Urban,Mean household size,4.4,4.0,4.2,3.8,5.2,4.9,4.0,3.5,4.0,3.7,4.7,4.3,4.8,4.2,4.5,4.3
HH07,30,State - GOA (30),Total,Total,262842,79595,181254,42052,20522,4207,59931,33111,363,32,201,65,244,29,62,15
HH07,30,State - GOA (30),Total,1,9186,10216,5838,4844,588,255,2672,5078,23,5,15,12,16,0,12,3
HH07,30,State - GOA (30),Total,2,26612,13230,17699,6548,1455,534,7306,6108,52,4,31,12,21,6,16,4
HH07,30,State - GOA (30),Total,3-6,200888,47102,139664,25135,15022,2542,45388,19309,271,19,143,33,190,19,32,4
HH07,30,State - GOA (30),Total,7-10,23064,7689,15920,4666,2909,699,4160,2295,16,4,12,8,16,4,2,4
HH07,30,State - GOA (30),Total,11+,3092,1358,2133,859,548,177,405,321,1,0,0,0,1,0,0,0
HH07,30,State - GOA (30),Total,Mean household size,4.3,3.9,4.3,4.1,4.9,4.8,4.1,3.6,3.7,3.8,3.7,3.5,3.9,4.2,3.1,3.7
HH07,30,State - GOA (30),Rural,Total,94568,33370,69664,19401,3631,656,21022,13233,91,5,51,32,18,6,17,7
HH07,30,State - GOA (30),Rural,1,3042,4462,1853,2463,148,37,1025,1946,6,2,3,6,0,0,4,2
HH07,30,State - GOA (30),Rural,2,9073,5296,6069,2818,323,91,2650,2372,10,1,8,7,1,1,5,3
HH07,30,State - GOA (30),Rural,3-6,71801,20049,53414,11723,2570,395,15633,7893,72,1,36,15,15,3,8,1
HH07,30,State - GOA (30),Rural,7-10,9501,3091,7430,2078,495,105,1556,898,3,1,4,4,2,2,0,1
HH07,30,State - GOA (30),Rural,11+,1151,472,898,319,95,28,158,124,0,0,0,0,0,0,0,0
HH07,30,State - GOA (30),Rural,Mean household size,4.4,3.9,4.5,4.0,4.8,4.8,4.1,3.6,3.8,3.2,3.9,3.4,4.4,4.7,2.8,3.0
HH07,30,State - GOA (30),Urban,Total,168274,46225,111590,22651,16891,3551,38909,19878,272,27,150,33,226,23,45,8
HH07,30,State - GOA (30),Urban,1,6144,5754,3985,2381,440,218,1647,3132,17,3,12,6,16,0,8,1
HH07,30,State - GOA (30),Urban,2,17539,7934,11630,3730,1132,443,4656,3736,42,3,23,5,20,5,11,1
HH07,30,State - GOA (30),Urban,3-6,129087,27053,86250,13412,12452,2147,29755,11416,199,18,107,18,175,16,24,3
HH07,30,State - GOA (30),Urban,7-10,13563,4598,8490,2588,2414,594,2604,1397,13,3,8,4,14,2,2,3
HH07,30,State - GOA (30),Urban,11+,1941,886,1235,540,453,149,247,197,1,0,0,0,1,0,0,0
HH07,30,State - GOA (30),Urban,Mean household size,4.2,3.9,4.2,4.1,4.9,4.8,4.1,3.6,3.7,4.0,3.6,3.6,3.9,4.1,3.2,4.4
HH07,31,Union Territory - LAKSHADWEEP (31),Total,Total,7096,4445,517,23,6455,4414,108,8,0,0,8,0,0,0,2,0
HH07,31,Union Territory - LAKSHADWEEP (31),Total,1,695,180,168,9,474,168,44,3,0,0,8,0,0,0,0,0
HH07,31,Union Territory - LAKSHADWEEP (31),Total,2,610,375,112,6,468,366,29,3,0,0,0,0,0,0,1,0
HH07,31,Union Territory - LAKSHADWEEP (31),Total,3-6,3879,2245,184,8,3664,2235,27,2,0,0,0,0,0,0,1,0
HH07,31,Union Territory - LAKSHADWEEP (31),Total,7-10,1512,1129,35,0,1470,1129,5,0,0,0,0,0,0,0,0,0
HH07,31,Union Territory - LAKSHADWEEP (31),Total,11+,400,516,18,0,379,516,3,0,0,0,0,0,0,0,0,0
HH07,31,Union Territory - LAKSHADWEEP (31),Total,Mean household size,5.1,6.2,3.1,2.3,5.3,6.2,2.6,1.9,0.0,0.0,1.0,0.0,0.0,0.0,3.0,0.0
HH07,31,Union Territory - LAKSHADWEEP (31),Rural,Total,1952,755,84,1,1852,754,13,0,0,0,0,0,0,0,0,0
HH07,31,Union Territory - LAKSHADWEEP (31),Rural,1,181,45,32,0,143,45,5,0,0,0,0,0,0,0,0,0
HH07,31,Union Territory - LAKSHADWEEP (31),Rural,2,144,72,14,0,128,72,2,0,0,0,0,0,0,0,0,0
HH07,31,Union Territory - LAKSHADWEEP (31),Rural,3-6,1061,439,23,1,1033,438,4,0,0,0,0,0,0,0,0,0
HH07,31,Union Territory - LAKSHADWEEP (31),Rural,7-10,468,165,9,0,456,165,2,0,0,0,0,0,0,0,0,0
HH07,31,Union Territory - LAKSHADWEEP (31),Rural,11+,98,34,6,0,92,34,0,0,0,0,0,0,0,0,0,0
HH07,31,Union Territory - LAKSHADWEEP (31),Rural,Mean household size,5.2,5.2,3.6,3.0,5.3,5.2,3.1,0.0,0.0,0.0,0.0,0.0,0.0,0.0,0.0,0.0
HH07,31,Union Territory - LAKSHADWEEP (31),Urban,Total,5144,3690,433,22,4603,3660,95,8,0,0,8,0,0,0,2,0
HH07,31,Union Territory - LAKSHADWEEP (31),Urban,1,514,135,136,9,331,123,39,3,0,0,8,0,0,0,0,0
HH07,31,Union Territory - LAKSHADWEEP (31),Urban,2,466,303,98,6,340,294,27,3,0,0,0,0,0,0,1,0
HH07,31,Union Territory - LAKSHADWEEP (31),Urban,3-6,2818,1806,161,7,2631,1797,23,2,0,0,0,0,0,0,1,0
HH07,31,Union Territory - LAKSHADWEEP (31),Urban,7-10,1044,964,26,0,1014,964,3,0,0,0,0,0,0,0,0,0
HH07,31,Union Territory - LAKSHADWEEP (31),Urban,11+,302,482,12,0,287,482,3,0,0,0,0,0,0,0,0,0
HH07,31,Union Territory - LAKSHADWEEP (31),Urban,Mean household size,5.1,6.4,3.1,2.2,5.3,6.5,2.6,1.9,0.0,0.0,1.0,0.0,0.0,0.0,3.0,0.0
HH07,32,State - KERALA (32),Total,Total,5858613,1982663,3394815,1132478,1169001,579881,1282768,266730,709,164,465,94,862,189,1408,187
HH07,32,State - KERALA (32),Total,1,93957,228526,60822,151747,8621,32666,23763,43444,30,19,20,13,16,23,106,36
HH07,32,State - KERALA (32),Total,2,615026,304205,375259,195213,68500,56777,169801,51646,84,25,62,26,131,36,228,42
HH07,32,State - KERALA (32),Total,3-6,4628447,1242439,2741613,694787,853759,385188,1024090,160429,550,104,358,51,683,116,1010,93
HH07,32,State - KERALA (32),Total,7-10,462175,175194,201343,81424,197370,82994,62717,10518,41,14,24,4,29,11,61,15
HH07,32,State - KERALA (32),Total,11+,59008,32299,15778,9307,40751,22256,2397,693,4,2,1,0,3,3,3,1
HH07,32,State - KERALA (32),Total,Mean household size,4.3,3.9,4.1,3.7,5.2,4.7,4.1,3.3,4.0,3.9,4.0,3.3,3.9,3.7,3.6,3.4
HH07,32,State - KERALA (32),Rural,Total,3126927,1016612,1754236,583353,573827,274697,792626,156620,314,74,258,59,378,109,668,102
HH07,32,State - KERALA (32),Rural,1,52775,129229,32954,84258,4121,17768,15386,26811,15,10,13,7,7,12,47,18
HH07,32,State - KERALA (32),Rural,2,335581,163712,193263,103422,33378,29151,108145,30826,37,11,37,15,62,19,103,19
HH07,32,State - KERALA (32),Rural,3-6,2467757,634508,1416339,355057,419329,185104,627360,93247,244,46,197,35,300,70,481,53
HH07,32,State - KERALA (32),Rural,7-10,242530,76851,104341,36883,97412,34408,40410,5443,16,7,10,2,8,6,35,11
HH07,32,State - KERALA (32),Rural,11+,28284,12312,7339,3733,19587,8266,1325,293,2,0,1,0,1,2,2,1
HH07,32,State - KERALA (32),Rural,Mean household size,4.3,3.8,4.2,3.6,5.2,4.5,4.1,3.2,4.0,3.9,4.0,3.3,3.8,3.8,3.7,3.7
HH07,32,State - KERALA (32),Urban,Total,2731686,966051,1640579,549125,595174,305184,490142,110110,395,90,207,35,484,80,740,85
HH07,32,State - KERALA (32),Urban,1,41182,99297,27868,67489,4500,14898,8377,16633,15,9,7,6,9,11,59,18
HH07,32,State - KERALA (32),Urban,2,279445,140493,181996,91791,35122,27626,61656,20820,47,14,25,11,69,17,125,23
HH07,32,State - KERALA (32),Urban,3-6,2160690,607931,1325274,339730,434430,200084,396730,67182,306,58,161,16,383,46,529,40
HH07,32,State - KERALA (32),Urban,7-10,219645,98343,97002,44541,99958,48586,22307,5075,25,7,14,2,21,5,26,4
HH07,32,State - KERALA (32),Urban,11+,30724,19987,8439,5574,21164,13990,1072,400,2,2,0,0,2,1,1,0
HH07,32,State - KERALA (32),Urban,Mean household size,4.4,4.1,4.1,3.8,5.2,4.9,4.0,3.4,4.1,3.9,4.0,3.2,3.9,3.6,3.6,3.0
HH07,33,State - TAMIL NADU (33),Total,Total,15512830,2964700,13755753,2586678,775993,179125,942401,192373,3500,557,2021,297,17278,1623,1516,312
HH07,33,State - TAMIL NADU (33),Total,1,281186,811684,253350,739975,8082,22440,18384,47165,99,152,75,67,202,341,93,104
HH07,33,State - TAMIL NADU (33),Total,2,2044633,600161,1854566,534033,66791,26049,118868,38907,404,102,244,58,1463,282,259,63
HH07,33,State - TAMIL NADU (33),Total,3-6,12347855,1433362,10940308,1220756,618473,110994,760084,98771,2789,277,1542,157,13068,817,1072,133
HH07,33,State - TAMIL NADU (33),Total,7-10,799738,110833,678604,86379,74433,17084,43252,7039,189,24,152,12,2181,135,83,11
HH07,33,State - TAMIL NADU (33),Total,11+,39418,8660,28925,5535,8214,2558,1813,491,19,2,8,3,364,48,9,1
HH07,33,State - TAMIL NADU (33),Total,Mean household size,4.0,2.9,4.0,2.9,4.5,3.9,4.0,3.0,4.2,3.0,4.2,3.1,4.8,3.7,3.8,2.7
HH07,33,State - TAMIL NADU (33),Rural,Total,7846881,1665248,7337312,1528955,167203,58079,331593,75158,1006,237,530,113,2184,507,481,145
HH07,33,State - TAMIL NADU (33),Rural,1,156253,515761,146225,484437,2247,8026,7182,22100,26,86,20,34,76,191,36,61
HH07,33,State - TAMIL NADU (33),Rural,2,1084531,322410,1021754,299224,16149,8190,44870,14412,127,36,75,22,407,101,108,32
HH07,33,State - TAMIL NADU (33),Rural,3-6,6126337,766839,5730386,693433,128924,36328,259311,35902,786,101,400,55,1576,204,309,49
HH07,33,State - TAMIL NADU (33),Rural,7-10,460278,56638,422217,49068,17909,4896,19501,2582,62,14,35,1,117,11,25,3
HH07,33,State - TAMIL NADU (33),Rural,11+,19482,3600,16730,2793,1974,639,729,162,5,0,0,1,8,0,3,0
HH07,33,State - TAMIL NADU (33),Rural,Mean household size,4.1,2.8,4.1,2.8,4.6,3.8,4.1,2.9,4.2,2.9,4.1,2.7,3.9,2.5,3.7,2.3
HH07,33,State - TAMIL NADU (33),Urban,Total,7665949,1299452,6418441,1057723,608790,121046,610808,117215,2494,320,1491,184,15094,1116,1035,167
HH07,33,State - TAMIL NADU (33),Urban,1,124933,295923,107125,255538,5835,14414,11202,25065,73,66,55,33,126,150,57,43
HH07,33,State - TAMIL NADU (33),Urban,2,960102,277751,832812,234809,50642,17859,73998,24495,277,66,169,36,1056,181,151,31
HH07,33,State - TAMIL NADU (33),Urban,3-6,6221518,666523,5209922,527323,489549,74666,500773,62869,2003,176,1142,102,11492,613,763,84
HH07,33,State - TAMIL NADU (33),Urban,7-10,339460,54195,256387,37311,56524,12188,23751,4457,127,10,117,11,2064,124,58,8
HH07,33,State - TAMIL NADU (33),Urban,11+,19936,5060,12195,2742,6240,1919,1084,329,14,2,8,2,356,48,6,1
HH07,33,State - TAMIL NADU (33),Urban,Mean household size,4.0,3.1,3.9,2.9,4.5,4.0,4.0,3.1,4.3,3.1,4.2,3.4,4.9,4.2,3.9,3.1
HH07,34,Union Territory - PUDUCHERRY (34),Total,Total,248107,53950,220410,45655,11258,3862,15697,4329,78,12,58,6,278,21,40,8
HH07,34,Union Territory - PUDUCHERRY (34),Total,1,3237,8853,2768,7581,102,283,349,962,2,2,2,0,2,5,6,5
HH07,34,Union Territory - PUDUCHERRY (34),Total,2,22662,10352,20037,8945,754,458,1792,927,11,2,8,2,22,4,6,2
HH07,34,Union Territory - PUDUCHERRY (34),Total,3-6,205276,30427,183428,26032,8506,2141,12759,2205,61,8,42,3,219,10,26,1
HH07,34,Union Territory - PUDUCHERRY (34),Total,7-10,15733,3691,13349,2748,1577,723,753,214,4,0,4,1,31,2,2,0
HH07,34,Union Territory - PUDUCHERRY (34),Total,11+,1199,627,828,349,319,257,44,21,0,0,2,0,4,0,0,0
HH07,34,Union Territory - PUDUCHERRY (34),Total,Mean household size,4.2,3.5,4.2,3.4,4.9,5.1,4.0,3.1,4.0,2.9,4.7,3.8,4.6,3.4,3.1,1.5
HH07,34,Union Territory - PUDUCHERRY (34),Rural,Total,76838,18095,72398,16867,2137,648,2240,565,24,8,6,0,6,1,8,1
HH07,34,Union Territory - PUDUCHERRY (34),Rural,1,886,3396,829,3150,16,77,38,164,0,2,0,0,1,0,1,0
HH07,34,Union Territory - PUDUCHERRY (34),Rural,2,6693,3379,6282,3175,148,98,255,103,4,2,1,0,0,0,0,0
HH07,34,Union Territory - PUDUCHERRY (34),Rural,3-6,63497,10190,59948,9543,1652,362,1849,278,17,4,5,0,5,1,6,1
HH07,34,Union Territory - PUDUCHERRY (34),Rural,7-10,5463,1026,5091,916,273,91,95,19,3,0,0,0,0,0,1,0
HH07,34,Union Territory - PUDUCHERRY (34),Rural,11+,299,104,248,83,48,20,3,1,0,0,0,0,0,0,0,0
HH07,34,Union Territory - PUDUCHERRY (34),Rural,Mean household size,4.3,3.4,4.3,3.3,4.8,4.3,4.1,2.9,4.3,2.8,3.7,0.0,3.5,3.0,3.8,3.0
HH07,34,Union Territory - PUDUCHERRY (34),Urban,Total,171269,35855,148012,28788,9121,3214,13457,3764,54,4,52,6,272,20,32,7
HH07,34,Union Territory - PUDUCHERRY (34),Urban,1,2351,5457,1939,4431,86,206,311,798,2,0,2,0,1,5,5,5
HH07,34,Union Territory - PUDUCHERRY (34),Urban,2,15969,6973,13755,5770,606,360,1537,824,7,0,7,2,22,4,6,2
HH07,34,Union Territory - PUDUCHERRY (34),Urban,3-6,141779,20237,123480,16489,6854,1779,10910,1927,44,4,37,3,214,9,20,0
HH07,34,Union Territory - PUDUCHERRY (34),Urban,7-10,10270,2665,8258,1832,1304,632,658,195,1,0,4,1,31,2,1,0
HH07,34,Union Territory - PUDUCHERRY (34),Urban,11+,900,523,580,266,271,237,41,20,0,0,2,0,4,0,0,0
HH07,34,Union Territory - PUDUCHERRY (34),Urban,Mean household size,4.2,3.6,4.2,3.5,5.0,5.3,4.0,3.1,3.9,3.3,4.8,3.8,4.6,3.5,2.9,1.3
HH07,35,Union Territory - ANDAMAN & NICOBAR ISLANDS (35),Total,Total,81141,13012,57582,8673,6385,1169,16594,3082,303,47,39,6,6,0,134,16
HH07,35,Union Territory - ANDAMAN & NICOBAR ISLANDS (35),Total,1,5624,1814,4161,1296,381,130,1030,368,28,9,6,2,2,0,11,3
HH07,35,Union Territory - ANDAMAN & NICOBAR ISLANDS (35),Total,2,9214,2574,6572,1761,641,182,1920,610,46,11,6,1,0,0,21,3
HH07,35,Union Territory - ANDAMAN & NICOBAR ISLANDS (35),Total,3-6,59885,7438,42798,4878,4657,681,12025,1838,217,24,23,3,4,0,89,8
HH07,35,Union Territory - ANDAMAN & NICOBAR ISLANDS (35),Total,7-10,5868,1052,3720,656,604,145,1504,245,12,3,4,0,0,0,11,2
HH07,35,Union Territory - ANDAMAN & NICOBAR ISLANDS (35),Total,11+,550,134,331,82,102,31,115,21,0,0,0,0,0,0,2,0
HH07,35,Union Territory - ANDAMAN & NICOBAR ISLANDS (35),Total,Mean household size,4.0,3.6,3.9,3.6,4.2,4.2,4.1,3.7,3.6,3.1,3.4,3.2,2.7,0.0,4.0,3.5
HH07,35,Union Territory - ANDAMAN & NICOBAR ISLANDS (35),Rural,Total,50110,8206,33915,5254,2920,529,12901,2365,154,22,25,5,2,0,108,13
HH07,35,Union Territory - ANDAMAN & NICOBAR ISLANDS (35),Rural,1,3871,1268,2719,892,227,73,886,290,18,5,5,2,1,0,11,1
HH07,35,Union Territory - ANDAMAN & NICOBAR ISLANDS (35),Rural,2,5725,1608,3864,1058,287,66,1519,470,25,4,3,1,0,0,19,3
HH07,35,Union Territory - ANDAMAN & NICOBAR ISLANDS (35),Rural,3-6,36095,4594,24681,2871,2050,299,9116,1398,106,11,13,2,1,0,67,7
HH07,35,Union Territory - ANDAMAN & NICOBAR ISLANDS (35),Rural,7-10,4060,651,2444,383,305,72,1281,191,5,2,4,0,0,0,9,2
HH07,35,Union Territory - ANDAMAN & NICOBAR ISLANDS (35),Rural,11+,359,85,207,50,51,19,99,16,0,0,0,0,0,0,2,0
HH07,35,Union Territory - ANDAMAN & NICOBAR ISLANDS (35),Rural,Mean household size,4.0,3.6,4.0,3.5,4.3,4.3,4.2,3.7,3.5,3.0,3.6,2.6,2.5,0.0,3.9,3.9
HH07,35,Union Territory - ANDAMAN & NICOBAR ISLANDS (35),Urban,Total,31031,4806,23667,3419,3465,640,3693,717,149,25,14,1,4,0,26,3
HH07,35,Union Territory - ANDAMAN & NICOBAR ISLANDS (35),Urban,1,1753,546,1442,404,154,57,144,78,10,4,1,0,1,0,0,2
HH07,35,Union Territory - ANDAMAN & NICOBAR ISLANDS (35),Urban,2,3489,966,2708,703,354,116,401,140,21,7,3,0,0,0,2,0
HH07,35,Union Territory - ANDAMAN & NICOBAR ISLANDS (35),Urban,3-6,23790,2844,18117,2007,2607,382,2909,440,111,13,10,1,3,0,22,1
HH07,35,Union Territory - ANDAMAN & NICOBAR ISLANDS (35),Urban,7-10,1808,401,1276,273,299,73,223,54,7,1,0,0,0,0,2,0
HH07,35,Union Territory - ANDAMAN & NICOBAR ISLANDS (35),Urban,11+,191,49,124,32,51,12,16,5,0,0,0,0,0,0,0,0
HH07,35,Union Territory - ANDAMAN & NICOBAR ISLANDS (35),Urban,Mean household size,3.9,3.7,3.9,3.6,4.2,4.1,4.0,3.7,3.7,3.2,3.1,6.0,2.8,0.0,4.3,1.7
Notes: 1.  This table excludes Institutional Households.,,,,,,,,,,,,,,,,,,,,
           2.  Total includes 'Religion not stated'.,,,,,,,,,,,,,,,,,,,,